File,Symbol,Type,Date,Details
MOTHERSON.csv,MOTHERSON,Price Anomaly (Split/Unadjusted),2018-01-02,"Ratio: 2.32 (Prev: 93.26, Curr: 40.28)"
TMPV.csv,TMPV,Price Anomaly (Split/Unadjusted),2018-01-02,"Ratio: 2.52 (Prev: 256.16, Curr: 101.72)"
UNOMINDA.csv,UNOMINDA,Price Anomaly (Split/Unadjusted),2018-01-02,"Ratio: 3.89 (Prev: 211.82, Curr: 54.41)"
ABB.csv,ABB,Huge Date Gap,2019-12-19 to 2020-01-06,Gap of 18 days
APLAPOLLO.csv,APLAPOLLO,Price Anomaly (Split/Unadjusted),2018-01-02,"Ratio: 1.64 (Prev: 198.06, Curr: 120.88)"
BDL.csv,BDL,Huge Date Gap,2018-01-02 to 2018-03-23,Gap of 80 days
BEML.csv,BEML,Huge Date Gap,2022-09-07 to 2022-09-22,Gap of 15 days
BEML.csv,BEML,Price Anomaly (Split/Unadjusted),2019-06-28,"Ratio: 2.49 (Prev: 905.05, Curr: 362.98)"
CGPOWER.csv,CGPOWER,Huge Date Gap,2019-12-24 to 2020-02-13,Gap of 51 days
CGPOWER.csv,CGPOWER,Huge Date Gap,2020-09-01 to 2020-09-14,Gap of 13 days
CGPOWER.csv,CGPOWER,Huge Date Gap,2021-06-08 to 2021-09-13,Gap of 97 days
CGPOWER.csv,CGPOWER,Huge Date Gap,2021-09-15 to 2022-01-04,Gap of 111 days
CGPOWER.csv,CGPOWER,Price Anomaly (Split/Unadjusted),2019-02-13,"Ratio: 1.43 (Prev: 33.9, Curr: 23.7)"
HAL.csv,HAL,Huge Date Gap,2018-01-02 to 2018-03-28,Gap of 85 days
INOXWIND.csv,INOXWIND,Price Anomaly (Split/Unadjusted),2018-01-02,"Ratio: 1.91 (Prev: 35.81, Curr: 18.72)"
SUZLON.csv,SUZLON,Price Anomaly (Split/Unadjusted),2022-10-11,"Ratio: 4.25 (Prev: 7.65, Curr: 1.8)"
SUZLON.csv,SUZLON,Price Anomaly (Split/Unadjusted),2022-10-12,"Ratio: 1.57 (Prev: 1.8, Curr: 1.15)"
TITAGARH.csv,TITAGARH,Huge Date Gap,2022-09-12 to 2022-12-06,Gap of 85 days
TITAGARH.csv,TITAGARH,Price Anomaly (Split/Unadjusted),2018-01-02,"Ratio: 2.08 (Prev: 168.35, Curr: 80.75)"
AARTIIND.csv,AARTIIND,Huge Date Gap,2019-07-02 to 2019-07-17,Gap of 15 days
AARTIIND.csv,AARTIIND,Price Anomaly (Split/Unadjusted),2018-01-03,"Ratio: 2.28 (Prev: 548.14, Curr: 240.7)"
IRB.csv,IRB,Price Anomaly (Split/Unadjusted),2024-08-30,"Ratio: 3.44 (Prev: 217.93, Curr: 63.35)"
INDIACEM.csv,INDIACEM,Price Anomaly (Split/Unadjusted),2021-10-01,"Ratio: 15.38 (Prev: 3107.75, Curr: 202.0)"
INDIACEM.csv,INDIACEM,Price Anomaly (Split/Unadjusted),2025-12-17,"Ratio: 12.75 (Prev: 5624.0, Curr: 441.05)"
JKCEMENT.csv,JKCEMENT,Price Anomaly (Split/Unadjusted),2018-01-02,"Ratio: 1.53 (Prev: 1113.7, Curr: 727.15)"
AMBER.csv,AMBER,Huge Date Gap,2018-01-02 to 2018-01-30,Gap of 28 days
DIXON.csv,DIXON,Price Anomaly (Split/Unadjusted),2018-01-02,"Ratio: 2.08 (Prev: 837.51, Curr: 402.11)"
PGEL.csv,PGEL,Huge Date Gap,2020-09-23 to 2020-11-10,Gap of 48 days
PGEL.csv,PGEL,Huge Date Gap,2021-02-10 to 2021-04-27,Gap of 76 days
PGEL.csv,PGEL,Huge Date Gap,2022-06-20 to 2022-09-13,Gap of 85 days
PGEL.csv,PGEL,Price Anomaly (Split/Unadjusted),2018-01-02,"Ratio: 4.28 (Prev: 41.68, Curr: 9.73)"
ABFRL.csv,ABFRL,Price Anomaly (Split/Unadjusted),2020-07-08,"Ratio: 5.50 (Prev: 46.08, Curr: 8.38)"
ABFRL.csv,ABFRL,Price Anomaly (Split/Unadjusted),2020-07-13,"Ratio: 8.05 (Prev: 44.14, Curr: 5.48)"
ABFRL.csv,ABFRL,Price Anomaly (Split/Unadjusted),2020-07-16,"Ratio: 14.52 (Prev: 42.12, Curr: 2.9)"
DMART.csv,DMART,Huge Date Gap,2020-03-03 to 2020-05-27,Gap of 85 days
GODFRYPHLP.csv,GODFRYPHLP,Price Anomaly (Split/Unadjusted),2019-06-28,"Ratio: 3.01 (Prev: 833.75, Curr: 276.95)"
NESTLEIND.csv,NESTLEIND,Price Anomaly (Split/Unadjusted),2024-01-05,"Ratio: 10.21 (Prev: 27293.75, Curr: 2673.2)"
NESTLEIND.csv,NESTLEIND,Price Anomaly (Split/Unadjusted),2025-08-08,"Ratio: 2.04 (Prev: 2244.3, Curr: 1100.0)"
TATACONSUM.csv,TATACONSUM,Price Anomaly (Split/Unadjusted),2018-01-02,"Ratio: 1.46 (Prev: 309.06, Curr: 211.97)"
UNITDSPR.csv,UNITDSPR,Price Anomaly (Split/Unadjusted),2018-01-02,"Ratio: 5.66 (Prev: 734.63, Curr: 129.82)"
ABCAPITAL.csv,ABCAPITAL,Price Anomaly (Split/Unadjusted),2018-01-02,"Ratio: 1.88 (Prev: 186.4, Curr: 99.25)"
BANDHANBNK.csv,BANDHANBNK,Huge Date Gap,2018-01-02 to 2018-03-27,Gap of 84 days
BSE.csv,BSE,Price Anomaly (Split/Unadjusted),2017-02-23,"Ratio: 569.74 (Prev: 108.25, Curr: 0.19)"
BSE.csv,BSE,Price Anomaly (Split/Unadjusted),2017-03-03,"Ratio: 391.96 (Prev: 101.91, Curr: 0.26)"
BSE.csv,BSE,Price Anomaly (Split/Unadjusted),2017-03-23,"Ratio: 471.91 (Prev: 103.82, Curr: 0.22)"
BSE.csv,BSE,Price Anomaly (Split/Unadjusted),2017-03-27,"Ratio: 500.05 (Prev: 105.01, Curr: 0.21)"
BSE.csv,BSE,Price Anomaly (Split/Unadjusted),2017-04-05,"Ratio: 517.19 (Prev: 108.61, Curr: 0.21)"
BSE.csv,BSE,Price Anomaly (Split/Unadjusted),2017-04-17,"Ratio: 497.39 (Prev: 114.4, Curr: 0.23)"
BSE.csv,BSE,Price Anomaly (Split/Unadjusted),2017-04-21,"Ratio: 488.35 (Prev: 112.32, Curr: 0.23)"
BSE.csv,BSE,Price Anomaly (Split/Unadjusted),2017-04-25,"Ratio: 487.78 (Prev: 112.19, Curr: 0.23)"
BSE.csv,BSE,Price Anomaly (Split/Unadjusted),2017-05-03,"Ratio: 485.13 (Prev: 111.58, Curr: 0.23)"
BSE.csv,BSE,Price Anomaly (Split/Unadjusted),2017-05-12,"Ratio: 505.05 (Prev: 111.11, Curr: 0.22)"
BSE.csv,BSE,Price Anomaly (Split/Unadjusted),2017-05-23,"Ratio: 564.57 (Prev: 118.56, Curr: 0.21)"
BSE.csv,BSE,Price Anomaly (Split/Unadjusted),2017-05-29,"Ratio: 616.53 (Prev: 117.14, Curr: 0.19)"
BSE.csv,BSE,Price Anomaly (Split/Unadjusted),2017-06-02,"Ratio: 637.47 (Prev: 121.12, Curr: 0.19)"
BSE.csv,BSE,Price Anomaly (Split/Unadjusted),2017-06-27,"Ratio: 657.39 (Prev: 118.33, Curr: 0.18)"
BSE.csv,BSE,Price Anomaly (Split/Unadjusted),2017-07-04,"Ratio: 662.33 (Prev: 119.22, Curr: 0.18)"
BSE.csv,BSE,Price Anomaly (Split/Unadjusted),2017-07-07,"Ratio: 654.67 (Prev: 117.84, Curr: 0.18)"
BSE.csv,BSE,Price Anomaly (Split/Unadjusted),2017-07-13,"Ratio: 679.61 (Prev: 122.33, Curr: 0.18)"
BSE.csv,BSE,Price Anomaly (Split/Unadjusted),2017-07-17,"Ratio: 691.78 (Prev: 124.52, Curr: 0.18)"
BSE.csv,BSE,Price Anomaly (Split/Unadjusted),2017-07-21,"Ratio: 672.33 (Prev: 121.02, Curr: 0.18)"
BSE.csv,BSE,Price Anomaly (Split/Unadjusted),2017-08-03,"Ratio: 658.78 (Prev: 118.58, Curr: 0.18)"
BSE.csv,BSE,Price Anomaly (Split/Unadjusted),2017-08-17,"Ratio: 803.50 (Prev: 112.49, Curr: 0.14)"
BSE.csv,BSE,Price Anomaly (Split/Unadjusted),2017-08-23,"Ratio: 858.62 (Prev: 111.62, Curr: 0.13)"
BSE.csv,BSE,Price Anomaly (Split/Unadjusted),2017-08-30,"Ratio: 640.35 (Prev: 108.86, Curr: 0.17)"
BSE.csv,BSE,Price Anomaly (Split/Unadjusted),2017-09-22,"Ratio: 751.80 (Prev: 112.77, Curr: 0.15)"
BSE.csv,BSE,Price Anomaly (Split/Unadjusted),2017-10-04,"Ratio: 684.81 (Prev: 109.57, Curr: 0.16)"
BSE.csv,BSE,Price Anomaly (Split/Unadjusted),2017-10-13,"Ratio: 778.21 (Prev: 108.95, Curr: 0.14)"
BSE.csv,BSE,Price Anomaly (Split/Unadjusted),2017-10-25,"Ratio: 719.93 (Prev: 107.99, Curr: 0.15)"
BSE.csv,BSE,Price Anomaly (Split/Unadjusted),2017-10-27,"Ratio: 686.88 (Prev: 109.9, Curr: 0.16)"
BSE.csv,BSE,Price Anomaly (Split/Unadjusted),2017-11-01,"Ratio: 647.35 (Prev: 110.05, Curr: 0.17)"
BSE.csv,BSE,Price Anomaly (Split/Unadjusted),2017-11-09,"Ratio: 640.18 (Prev: 108.83, Curr: 0.17)"
BSE.csv,BSE,Price Anomaly (Split/Unadjusted),2017-11-15,"Ratio: 675.38 (Prev: 108.06, Curr: 0.16)"
BSE.csv,BSE,Price Anomaly (Split/Unadjusted),2017-11-21,"Ratio: 667.81 (Prev: 106.85, Curr: 0.16)"
BSE.csv,BSE,Price Anomaly (Split/Unadjusted),2017-11-27,"Ratio: 698.80 (Prev: 104.82, Curr: 0.15)"
BSE.csv,BSE,Price Anomaly (Split/Unadjusted),2017-11-29,"Ratio: 694.67 (Prev: 104.2, Curr: 0.15)"
BSE.csv,BSE,Price Anomaly (Split/Unadjusted),2017-12-06,"Ratio: 731.71 (Prev: 102.44, Curr: 0.14)"
BSE.csv,BSE,Price Anomaly (Split/Unadjusted),2017-12-13,"Ratio: 670.67 (Prev: 100.6, Curr: 0.15)"
BSE.csv,BSE,Price Anomaly (Split/Unadjusted),2017-12-28,"Ratio: 632.62 (Prev: 101.22, Curr: 0.16)"
BSE.csv,BSE,Price Anomaly (Split/Unadjusted),2018-01-02,"Ratio: 1.56 (Prev: 103.44, Curr: 66.51)"
BSE.csv,BSE,Price Anomaly (Split/Unadjusted),2018-01-04,"Ratio: 578.00 (Prev: 104.04, Curr: 0.18)"
BSE.csv,BSE,Price Anomaly (Split/Unadjusted),2018-01-09,"Ratio: 530.10 (Prev: 106.02, Curr: 0.2)"
BSE.csv,BSE,Price Anomaly (Split/Unadjusted),2018-01-12,"Ratio: 550.00 (Prev: 104.5, Curr: 0.19)"
BSE.csv,BSE,Price Anomaly (Split/Unadjusted),2018-01-17,"Ratio: 580.06 (Prev: 104.41, Curr: 0.18)"
BSE.csv,BSE,Price Anomaly (Split/Unadjusted),2018-01-19,"Ratio: 602.29 (Prev: 102.39, Curr: 0.17)"
BSE.csv,BSE,Price Anomaly (Split/Unadjusted),2018-01-31,"Ratio: 623.75 (Prev: 99.8, Curr: 0.16)"
BSE.csv,BSE,Price Anomaly (Split/Unadjusted),2018-02-06,"Ratio: 655.57 (Prev: 91.78, Curr: 0.14)"
BSE.csv,BSE,Price Anomaly (Split/Unadjusted),2018-02-19,"Ratio: 601.27 (Prev: 90.19, Curr: 0.15)"
BSE.csv,BSE,Price Anomaly (Split/Unadjusted),2018-03-05,"Ratio: 635.43 (Prev: 88.96, Curr: 0.14)"
BSE.csv,BSE,Price Anomaly (Split/Unadjusted),2018-03-09,"Ratio: 655.54 (Prev: 85.22, Curr: 0.13)"
BSE.csv,BSE,Price Anomaly (Split/Unadjusted),2018-03-14,"Ratio: 680.15 (Prev: 88.42, Curr: 0.13)"
BSE.csv,BSE,Price Anomaly (Split/Unadjusted),2018-03-21,"Ratio: 654.23 (Prev: 85.05, Curr: 0.13)"
BSE.csv,BSE,Price Anomaly (Split/Unadjusted),2018-03-23,"Ratio: 681.50 (Prev: 81.78, Curr: 0.12)"
BSE.csv,BSE,Price Anomaly (Split/Unadjusted),2018-04-03,"Ratio: 858.10 (Prev: 85.81, Curr: 0.1)"
BSE.csv,BSE,Price Anomaly (Split/Unadjusted),2018-04-17,"Ratio: 836.45 (Prev: 92.01, Curr: 0.11)"
BSE.csv,BSE,Price Anomaly (Split/Unadjusted),2018-05-03,"Ratio: 1293.29 (Prev: 90.53, Curr: 0.07)"
BSE.csv,BSE,Price Anomaly (Split/Unadjusted),2018-05-07,"Ratio: 1298.86 (Prev: 90.92, Curr: 0.07)"
BSE.csv,BSE,Price Anomaly (Split/Unadjusted),2018-05-28,"Ratio: 1020.56 (Prev: 91.85, Curr: 0.09)"
BSE.csv,BSE,Price Anomaly (Split/Unadjusted),2018-07-16,"Ratio: 1851.20 (Prev: 92.56, Curr: 0.05)"
BSE.csv,BSE,Price Anomaly (Split/Unadjusted),2018-08-13,"Ratio: 2187.25 (Prev: 87.49, Curr: 0.04)"
BSE.csv,BSE,Price Anomaly (Split/Unadjusted),2018-09-03,"Ratio: 2055.00 (Prev: 82.2, Curr: 0.04)"
BSE.csv,BSE,Price Anomaly (Split/Unadjusted),2018-10-01,"Ratio: 2530.00 (Prev: 75.9, Curr: 0.03)"
BSE.csv,BSE,Price Anomaly (Split/Unadjusted),2018-10-08,"Ratio: 2452.33 (Prev: 73.57, Curr: 0.03)"
BSE.csv,BSE,Price Anomaly (Split/Unadjusted),2018-10-22,"Ratio: 1746.75 (Prev: 69.87, Curr: 0.04)"
BSE.csv,BSE,Price Anomaly (Split/Unadjusted),2018-10-29,"Ratio: 1660.50 (Prev: 66.42, Curr: 0.04)"
BSE.csv,BSE,Price Anomaly (Split/Unadjusted),2018-11-26,"Ratio: 2222.33 (Prev: 66.67, Curr: 0.03)"
CDSL.csv,CDSL,Huge Date Gap,2021-07-20 to 2021-10-25,Gap of 97 days
CDSL.csv,CDSL,Price Anomaly (Split/Unadjusted),2018-01-02,"Ratio: 1.55 (Prev: 174.8, Curr: 112.67)"
CHOLAFIN.csv,CHOLAFIN,Price Anomaly (Split/Unadjusted),2020-03-23,"Ratio: 1.42 (Prev: 192.25, Curr: 135.1)"
HDFCAMC.csv,HDFCAMC,Huge Date Gap,2018-01-02 to 2018-08-06,Gap of 216 days
HUDCO.csv,HUDCO,Price Anomaly (Split/Unadjusted),2018-11-30,"Ratio: 5.78 (Prev: 248.55, Curr: 43.0)"
IEX.csv,IEX,Price Anomaly (Split/Unadjusted),2018-01-02,"Ratio: 9.78 (Prev: 53.61, Curr: 5.48)"
IEX.csv,IEX,Price Anomaly (Split/Unadjusted),2025-07-24,"Ratio: 1.41 (Prev: 187.98, Curr: 133.64)"
IIFL.csv,IIFL,Huge Date Gap,2017-10-16 to 2017-11-01,Gap of 16 days
IIFL.csv,IIFL,Huge Date Gap,2019-05-29 to 2019-06-14,Gap of 16 days
IIFL.csv,IIFL,Huge Date Gap,2021-06-08 to 2021-09-13,Gap of 97 days
IIFL.csv,IIFL,Huge Date Gap,2021-10-11 to 2021-10-25,Gap of 14 days
IIFL.csv,IIFL,Price Anomaly (Split/Unadjusted),2019-06-14,"Ratio: 2.62 (Prev: 417.45, Curr: 159.59)"
IIFL.csv,IIFL,Price Anomaly (Split/Unadjusted),2024-04-30,"Ratio: 4.31 (Prev: 412.55, Curr: 95.65)"
IIFL.csv,IIFL,Price Anomaly (Split/Unadjusted),2024-05-06,"Ratio: 4.86 (Prev: 401.35, Curr: 82.6)"
MFSL.csv,MFSL,Price Anomaly (Split/Unadjusted),2020-03-23,"Ratio: 1.41 (Prev: 406.75, Curr: 288.4)"
NAM-INDIA.csv,NAM-INDIA,Price Anomaly (Split/Unadjusted),2018-01-02,"Ratio: 1.90 (Prev: 300.85, Curr: 158.5)"
NAM-INDIA.csv,NAM-INDIA,Price Anomaly (Split/Unadjusted),2024-09-11,"Ratio: 3.98 (Prev: 674.2, Curr: 169.55)"
PNBHOUSING.csv,PNBHOUSING,Huge Date Gap,2021-06-10 to 2021-09-13,Gap of 95 days
PNBHOUSING.csv,PNBHOUSING,Price Anomaly (Split/Unadjusted),2018-01-02,"Ratio: 1.45 (Prev: 1103.09, Curr: 761.85)"
PNBHOUSING.csv,PNBHOUSING,Price Anomaly (Split/Unadjusted),2023-04-19,"Ratio: 3.26 (Prev: 412.8, Curr: 126.5)"
POONAWALLA.csv,POONAWALLA,Huge Date Gap,2021-06-08 to 2021-09-13,Gap of 97 days
POONAWALLA.csv,POONAWALLA,Huge Date Gap,2021-09-15 to 2021-09-27,Gap of 12 days
POONAWALLA.csv,POONAWALLA,Price Anomaly (Split/Unadjusted),2018-01-02,"Ratio: 1.50 (Prev: 160.45, Curr: 106.95)"
SAMMAANCAP.csv,SAMMAANCAP,Price Anomaly (Split/Unadjusted),2018-01-02,"Ratio: 1.45 (Prev: 1085.84, Curr: 750.81)"
SAMMAANCAP.csv,SAMMAANCAP,Price Anomaly (Split/Unadjusted),2019-09-30,"Ratio: 1.52 (Prev: 347.73, Curr: 228.11)"
SAMMAANCAP.csv,SAMMAANCAP,Price Anomaly (Split/Unadjusted),2020-03-19,"Ratio: 1.51 (Prev: 120.74, Curr: 80.0)"
SAMMAANCAP.csv,SAMMAANCAP,Price Anomaly (Split/Unadjusted),2024-07-29,"Ratio: 5.75 (Prev: 973.5, Curr: 169.17)"
YESBANK.csv,YESBANK,Price Anomaly (Split/Unadjusted),2017-09-21,"Ratio: 4.99 (Prev: 1880.8, Curr: 376.65)"
YESBANK.csv,YESBANK,Price Anomaly (Split/Unadjusted),2018-09-21,"Ratio: 1.41 (Prev: 320.2, Curr: 227.35)"
YESBANK.csv,YESBANK,Price Anomaly (Split/Unadjusted),2019-04-30,"Ratio: 1.42 (Prev: 238.7, Curr: 167.75)"
YESBANK.csv,YESBANK,Price Anomaly (Split/Unadjusted),2020-03-06,"Ratio: 3.39 (Prev: 32.7, Curr: 9.65)"
AJANTPHARM.csv,AJANTPHARM,Price Anomaly (Split/Unadjusted),2019-06-28,"Ratio: 1.50 (Prev: 954.7, Curr: 637.2)"
AJANTPHARM.csv,AJANTPHARM,Price Anomaly (Split/Unadjusted),2020-03-02,"Ratio: 300.79 (Prev: 923.43, Curr: 3.07)"
AJANTPHARM.csv,AJANTPHARM,Price Anomaly (Split/Unadjusted),2020-04-20,"Ratio: 66.50 (Prev: 902.43, Curr: 13.57)"
AJANTPHARM.csv,AJANTPHARM,Price Anomaly (Split/Unadjusted),2020-04-27,"Ratio: 70.94 (Prev: 962.67, Curr: 13.57)"
AJANTPHARM.csv,AJANTPHARM,Price Anomaly (Split/Unadjusted),2020-05-04,"Ratio: 73.06 (Prev: 991.47, Curr: 13.57)"
AJANTPHARM.csv,AJANTPHARM,Price Anomaly (Split/Unadjusted),2020-05-11,"Ratio: 71.43 (Prev: 969.33, Curr: 13.57)"
AJANTPHARM.csv,AJANTPHARM,Price Anomaly (Split/Unadjusted),2020-05-18,"Ratio: 73.54 (Prev: 998.0, Curr: 13.57)"
AJANTPHARM.csv,AJANTPHARM,Price Anomaly (Split/Unadjusted),2020-05-26,"Ratio: 74.29 (Prev: 1008.17, Curr: 13.57)"
AJANTPHARM.csv,AJANTPHARM,Price Anomaly (Split/Unadjusted),2020-06-01,"Ratio: 74.87 (Prev: 1015.97, Curr: 13.57)"
AJANTPHARM.csv,AJANTPHARM,Price Anomaly (Split/Unadjusted),2020-06-08,"Ratio: 68.62 (Prev: 976.47, Curr: 14.23)"
AJANTPHARM.csv,AJANTPHARM,Price Anomaly (Split/Unadjusted),2020-06-15,"Ratio: 65.10 (Prev: 972.0, Curr: 14.93)"
AJANTPHARM.csv,AJANTPHARM,Price Anomaly (Split/Unadjusted),2020-06-22,"Ratio: 64.81 (Prev: 967.67, Curr: 14.93)"
AJANTPHARM.csv,AJANTPHARM,Price Anomaly (Split/Unadjusted),2020-06-29,"Ratio: 64.60 (Prev: 964.5, Curr: 14.93)"
AJANTPHARM.csv,AJANTPHARM,Price Anomaly (Split/Unadjusted),2020-07-06,"Ratio: 62.96 (Prev: 939.97, Curr: 14.93)"
AJANTPHARM.csv,AJANTPHARM,Price Anomaly (Split/Unadjusted),2020-07-13,"Ratio: 63.42 (Prev: 946.9, Curr: 14.93)"
AJANTPHARM.csv,AJANTPHARM,Price Anomaly (Split/Unadjusted),2020-07-20,"Ratio: 65.23 (Prev: 973.9, Curr: 14.93)"
AJANTPHARM.csv,AJANTPHARM,Price Anomaly (Split/Unadjusted),2020-07-27,"Ratio: 67.73 (Prev: 1011.17, Curr: 14.93)"
AJANTPHARM.csv,AJANTPHARM,Price Anomaly (Split/Unadjusted),2020-08-03,"Ratio: 72.75 (Prev: 1086.13, Curr: 14.93)"
AJANTPHARM.csv,AJANTPHARM,Price Anomaly (Split/Unadjusted),2020-08-10,"Ratio: 72.03 (Prev: 1128.73, Curr: 15.67)"
AJANTPHARM.csv,AJANTPHARM,Price Anomaly (Split/Unadjusted),2020-08-17,"Ratio: 69.34 (Prev: 1086.6, Curr: 15.67)"
AJANTPHARM.csv,AJANTPHARM,Price Anomaly (Split/Unadjusted),2020-08-24,"Ratio: 69.02 (Prev: 1081.5, Curr: 15.67)"
AJANTPHARM.csv,AJANTPHARM,Price Anomaly (Split/Unadjusted),2020-08-31,"Ratio: 66.80 (Prev: 1046.73, Curr: 15.67)"
AJANTPHARM.csv,AJANTPHARM,Price Anomaly (Split/Unadjusted),2020-09-07,"Ratio: 63.34 (Prev: 992.5, Curr: 15.67)"
AJANTPHARM.csv,AJANTPHARM,Price Anomaly (Split/Unadjusted),2020-09-14,"Ratio: 64.01 (Prev: 1003.07, Curr: 15.67)"
AJANTPHARM.csv,AJANTPHARM,Price Anomaly (Split/Unadjusted),2023-06-12,"Ratio: 12.31 (Prev: 1455.1, Curr: 118.25)"
AJANTPHARM.csv,AJANTPHARM,Price Anomaly (Split/Unadjusted),2023-06-19,"Ratio: 13.07 (Prev: 1468.9, Curr: 112.35)"
AJANTPHARM.csv,AJANTPHARM,Price Anomaly (Split/Unadjusted),2023-06-26,"Ratio: 13.70 (Prev: 1462.9, Curr: 106.75)"
AJANTPHARM.csv,AJANTPHARM,Price Anomaly (Split/Unadjusted),2023-07-03,"Ratio: 14.58 (Prev: 1479.15, Curr: 101.45)"
AJANTPHARM.csv,AJANTPHARM,Price Anomaly (Split/Unadjusted),2023-07-10,"Ratio: 14.70 (Prev: 1421.3, Curr: 96.7)"
AJANTPHARM.csv,AJANTPHARM,Price Anomaly (Split/Unadjusted),2023-07-17,"Ratio: 15.61 (Prev: 1444.15, Curr: 92.5)"
AJANTPHARM.csv,AJANTPHARM,Price Anomaly (Split/Unadjusted),2023-07-24,"Ratio: 15.26 (Prev: 1411.7, Curr: 92.5)"
AJANTPHARM.csv,AJANTPHARM,Price Anomaly (Split/Unadjusted),2023-07-31,"Ratio: 17.74 (Prev: 1615.75, Curr: 91.1)"
AJANTPHARM.csv,AJANTPHARM,Price Anomaly (Split/Unadjusted),2023-08-28,"Ratio: 16.53 (Prev: 1694.65, Curr: 102.5)"
AJANTPHARM.csv,AJANTPHARM,Price Anomaly (Split/Unadjusted),2023-09-04,"Ratio: 17.64 (Prev: 1718.35, Curr: 97.4)"
AJANTPHARM.csv,AJANTPHARM,Price Anomaly (Split/Unadjusted),2023-09-11,"Ratio: 18.71 (Prev: 1731.6, Curr: 92.55)"
AJANTPHARM.csv,AJANTPHARM,Price Anomaly (Split/Unadjusted),2023-09-18,"Ratio: 19.46 (Prev: 1711.1, Curr: 87.95)"
AJANTPHARM.csv,AJANTPHARM,Price Anomaly (Split/Unadjusted),2023-09-25,"Ratio: 20.42 (Prev: 1705.9, Curr: 83.55)"
AJANTPHARM.csv,AJANTPHARM,Price Anomaly (Split/Unadjusted),2023-10-03,"Ratio: 20.52 (Prev: 1799.9, Curr: 87.7)"
AJANTPHARM.csv,AJANTPHARM,Price Anomaly (Split/Unadjusted),2024-05-13,"Ratio: 23.87 (Prev: 2377.4, Curr: 99.6)"
AJANTPHARM.csv,AJANTPHARM,Price Anomaly (Split/Unadjusted),2024-05-21,"Ratio: 25.16 (Prev: 2381.05, Curr: 94.65)"
AJANTPHARM.csv,AJANTPHARM,Price Anomaly (Split/Unadjusted),2024-05-27,"Ratio: 26.93 (Prev: 2422.65, Curr: 89.95)"
AJANTPHARM.csv,AJANTPHARM,Price Anomaly (Split/Unadjusted),2024-06-03,"Ratio: 27.30 (Prev: 2333.15, Curr: 85.45)"
AJANTPHARM.csv,AJANTPHARM,Price Anomaly (Split/Unadjusted),2024-06-10,"Ratio: 29.82 (Prev: 2420.7, Curr: 81.17)"
AJANTPHARM.csv,AJANTPHARM,Price Anomaly (Split/Unadjusted),2024-06-18,"Ratio: 30.85 (Prev: 2378.6, Curr: 77.11)"
AJANTPHARM.csv,AJANTPHARM,Price Anomaly (Split/Unadjusted),2024-06-24,"Ratio: 31.08 (Prev: 2345.85, Curr: 75.47)"
AJANTPHARM.csv,AJANTPHARM,Price Anomaly (Split/Unadjusted),2024-07-01,"Ratio: 28.86 (Prev: 2287.2, Curr: 79.24)"
AJANTPHARM.csv,AJANTPHARM,Price Anomaly (Split/Unadjusted),2025-04-11,"Ratio: 34.07 (Prev: 2470.15, Curr: 72.5)"
AJANTPHARM.csv,AJANTPHARM,Price Anomaly (Split/Unadjusted),2025-11-03,"Ratio: 16.35 (Prev: 2465.3, Curr: 150.8)"
APLLTD.csv,APLLTD,Price Anomaly (Split/Unadjusted),2023-04-13,"Ratio: 4.31 (Prev: 520.1, Curr: 120.75)"
APLLTD.csv,APLLTD,Price Anomaly (Split/Unadjusted),2023-04-19,"Ratio: 4.61 (Prev: 536.8, Curr: 116.5)"
APLLTD.csv,APLLTD,Price Anomaly (Split/Unadjusted),2023-05-02,"Ratio: 4.72 (Prev: 556.15, Curr: 117.9)"
APLLTD.csv,APLLTD,Price Anomaly (Split/Unadjusted),2023-05-09,"Ratio: 5.16 (Prev: 593.0, Curr: 115.0)"
APLLTD.csv,APLLTD,Price Anomaly (Split/Unadjusted),2023-05-18,"Ratio: 4.33 (Prev: 567.65, Curr: 131.0)"
APLLTD.csv,APLLTD,Price Anomaly (Split/Unadjusted),2023-05-23,"Ratio: 4.32 (Prev: 548.5, Curr: 127.0)"
APLLTD.csv,APLLTD,Price Anomaly (Split/Unadjusted),2023-05-25,"Ratio: 4.41 (Prev: 551.6, Curr: 125.0)"
APLLTD.csv,APLLTD,Price Anomaly (Split/Unadjusted),2023-06-07,"Ratio: 4.19 (Prev: 552.8, Curr: 132.0)"
APLLTD.csv,APLLTD,Price Anomaly (Split/Unadjusted),2023-06-22,"Ratio: 5.07 (Prev: 615.45, Curr: 121.5)"
APLLTD.csv,APLLTD,Price Anomaly (Split/Unadjusted),2023-06-26,"Ratio: 5.12 (Prev: 604.25, Curr: 118.0)"
APLLTD.csv,APLLTD,Price Anomaly (Split/Unadjusted),2023-07-11,"Ratio: 5.49 (Prev: 647.7, Curr: 118.0)"
APLLTD.csv,APLLTD,Price Anomaly (Split/Unadjusted),2023-07-20,"Ratio: 5.39 (Prev: 662.9, Curr: 122.95)"
APLLTD.csv,APLLTD,Price Anomaly (Split/Unadjusted),2023-08-04,"Ratio: 6.20 (Prev: 781.0, Curr: 126.0)"
APLLTD.csv,APLLTD,Price Anomaly (Split/Unadjusted),2023-08-08,"Ratio: 6.22 (Prev: 793.3, Curr: 127.5)"
APLLTD.csv,APLLTD,Price Anomaly (Split/Unadjusted),2023-08-10,"Ratio: 6.29 (Prev: 786.2, Curr: 125.0)"
APLLTD.csv,APLLTD,Price Anomaly (Split/Unadjusted),2023-08-28,"Ratio: 6.23 (Prev: 754.15, Curr: 121.05)"
APLLTD.csv,APLLTD,Price Anomaly (Split/Unadjusted),2023-09-04,"Ratio: 6.04 (Prev: 770.5, Curr: 127.5)"
APLLTD.csv,APLLTD,Price Anomaly (Split/Unadjusted),2023-09-08,"Ratio: 6.34 (Prev: 777.7, Curr: 122.75)"
APLLTD.csv,APLLTD,Price Anomaly (Split/Unadjusted),2023-09-12,"Ratio: 6.43 (Prev: 764.8, Curr: 119.0)"
APLLTD.csv,APLLTD,Price Anomaly (Split/Unadjusted),2023-09-26,"Ratio: 6.29 (Prev: 761.3, Curr: 121.0)"
APLLTD.csv,APLLTD,Price Anomaly (Split/Unadjusted),2023-09-28,"Ratio: 6.12 (Prev: 759.2, Curr: 124.0)"
APLLTD.csv,APLLTD,Price Anomaly (Split/Unadjusted),2023-10-04,"Ratio: 6.70 (Prev: 790.75, Curr: 118.0)"
APLLTD.csv,APLLTD,Price Anomaly (Split/Unadjusted),2023-10-09,"Ratio: 6.39 (Prev: 772.85, Curr: 120.95)"
APLLTD.csv,APLLTD,Price Anomaly (Split/Unadjusted),2023-10-13,"Ratio: 6.56 (Prev: 799.75, Curr: 122.0)"
APLLTD.csv,APLLTD,Price Anomaly (Split/Unadjusted),2023-10-19,"Ratio: 6.88 (Prev: 815.0, Curr: 118.5)"
APLLTD.csv,APLLTD,Price Anomaly (Split/Unadjusted),2023-10-26,"Ratio: 6.60 (Prev: 758.9, Curr: 115.0)"
APLLTD.csv,APLLTD,Price Anomaly (Split/Unadjusted),2023-11-07,"Ratio: 6.28 (Prev: 730.55, Curr: 116.4)"
APLLTD.csv,APLLTD,Price Anomaly (Split/Unadjusted),2023-11-10,"Ratio: 6.36 (Prev: 734.2, Curr: 115.5)"
APLLTD.csv,APLLTD,Price Anomaly (Split/Unadjusted),2023-11-21,"Ratio: 5.81 (Prev: 749.25, Curr: 129.0)"
APLLTD.csv,APLLTD,Price Anomaly (Split/Unadjusted),2023-11-24,"Ratio: 5.54 (Prev: 722.45, Curr: 130.5)"
APLLTD.csv,APLLTD,Price Anomaly (Split/Unadjusted),2023-12-12,"Ratio: 6.13 (Prev: 766.2, Curr: 124.95)"
APLLTD.csv,APLLTD,Price Anomaly (Split/Unadjusted),2023-12-22,"Ratio: 6.79 (Prev: 754.75, Curr: 111.15)"
APLLTD.csv,APLLTD,Price Anomaly (Split/Unadjusted),2024-01-02,"Ratio: 6.18 (Prev: 765.9, Curr: 123.9)"
APLLTD.csv,APLLTD,Price Anomaly (Split/Unadjusted),2024-01-09,"Ratio: 6.96 (Prev: 807.05, Curr: 116.0)"
APLLTD.csv,APLLTD,Price Anomaly (Split/Unadjusted),2024-01-12,"Ratio: 7.17 (Prev: 836.5, Curr: 116.6)"
APLLTD.csv,APLLTD,Price Anomaly (Split/Unadjusted),2024-01-23,"Ratio: 7.55 (Prev: 943.45, Curr: 125.0)"
APLLTD.csv,APLLTD,Price Anomaly (Split/Unadjusted),2024-01-30,"Ratio: 7.09 (Prev: 921.1, Curr: 130.0)"
APLLTD.csv,APLLTD,Price Anomaly (Split/Unadjusted),2024-02-02,"Ratio: 7.71 (Prev: 955.55, Curr: 124.0)"
APLLTD.csv,APLLTD,Price Anomaly (Split/Unadjusted),2024-02-06,"Ratio: 7.54 (Prev: 965.1, Curr: 128.0)"
APLLTD.csv,APLLTD,Price Anomaly (Split/Unadjusted),2024-02-14,"Ratio: 8.14 (Prev: 993.55, Curr: 122.0)"
APLLTD.csv,APLLTD,Price Anomaly (Split/Unadjusted),2024-02-21,"Ratio: 7.93 (Prev: 1048.0, Curr: 132.1)"
APLLTD.csv,APLLTD,Price Anomaly (Split/Unadjusted),2024-02-27,"Ratio: 6.80 (Prev: 1047.45, Curr: 154.0)"
APLLTD.csv,APLLTD,Price Anomaly (Split/Unadjusted),2024-02-29,"Ratio: 6.64 (Prev: 1028.7, Curr: 155.0)"
APLLTD.csv,APLLTD,Price Anomaly (Split/Unadjusted),2024-03-05,"Ratio: 6.48 (Prev: 1004.75, Curr: 155.0)"
APLLTD.csv,APLLTD,Price Anomaly (Split/Unadjusted),2024-03-13,"Ratio: 7.78 (Prev: 980.35, Curr: 126.0)"
APLLTD.csv,APLLTD,Price Anomaly (Split/Unadjusted),2024-03-19,"Ratio: 7.90 (Prev: 963.25, Curr: 122.0)"
APLLTD.csv,APLLTD,Price Anomaly (Split/Unadjusted),2024-03-28,"Ratio: 8.14 (Prev: 984.75, Curr: 121.0)"
APLLTD.csv,APLLTD,Price Anomaly (Split/Unadjusted),2024-04-03,"Ratio: 7.47 (Prev: 1000.75, Curr: 134.0)"
APLLTD.csv,APLLTD,Price Anomaly (Split/Unadjusted),2024-04-05,"Ratio: 7.73 (Prev: 1004.45, Curr: 130.0)"
APLLTD.csv,APLLTD,Price Anomaly (Split/Unadjusted),2024-04-09,"Ratio: 8.24 (Prev: 1005.15, Curr: 122.0)"
APLLTD.csv,APLLTD,Price Anomaly (Split/Unadjusted),2024-04-23,"Ratio: 7.56 (Prev: 952.1, Curr: 126.0)"
APLLTD.csv,APLLTD,Price Anomaly (Split/Unadjusted),2024-05-03,"Ratio: 7.89 (Prev: 994.65, Curr: 126.0)"
APLLTD.csv,APLLTD,Price Anomaly (Split/Unadjusted),2024-05-10,"Ratio: 7.95 (Prev: 1001.35, Curr: 126.0)"
APLLTD.csv,APLLTD,Price Anomaly (Split/Unadjusted),2024-05-24,"Ratio: 7.84 (Prev: 960.55, Curr: 122.55)"
APLLTD.csv,APLLTD,Price Anomaly (Split/Unadjusted),2024-05-29,"Ratio: 7.98 (Prev: 937.95, Curr: 117.5)"
APLLTD.csv,APLLTD,Price Anomaly (Split/Unadjusted),2024-06-03,"Ratio: 8.03 (Prev: 923.1, Curr: 115.0)"
APLLTD.csv,APLLTD,Price Anomaly (Split/Unadjusted),2024-06-12,"Ratio: 7.35 (Prev: 896.9, Curr: 122.0)"
APLLTD.csv,APLLTD,Price Anomaly (Split/Unadjusted),2024-06-19,"Ratio: 7.17 (Prev: 868.0, Curr: 121.0)"
APLLTD.csv,APLLTD,Price Anomaly (Split/Unadjusted),2024-06-24,"Ratio: 7.62 (Prev: 869.15, Curr: 114.0)"
APLLTD.csv,APLLTD,Price Anomaly (Split/Unadjusted),2024-07-04,"Ratio: 6.79 (Prev: 950.35, Curr: 140.0)"
APLLTD.csv,APLLTD,Price Anomaly (Split/Unadjusted),2024-07-09,"Ratio: 5.48 (Prev: 985.85, Curr: 180.0)"
APLLTD.csv,APLLTD,Price Anomaly (Split/Unadjusted),2024-07-11,"Ratio: 5.83 (Prev: 985.0, Curr: 169.0)"
APLLTD.csv,APLLTD,Price Anomaly (Split/Unadjusted),2024-07-22,"Ratio: 6.66 (Prev: 1080.4, Curr: 162.15)"
APLLTD.csv,APLLTD,Price Anomaly (Split/Unadjusted),2024-07-29,"Ratio: 8.59 (Prev: 1216.35, Curr: 141.6)"
APLLTD.csv,APLLTD,Price Anomaly (Split/Unadjusted),2024-08-05,"Ratio: 8.02 (Prev: 1245.05, Curr: 155.2)"
APLLTD.csv,APLLTD,Price Anomaly (Split/Unadjusted),2024-08-12,"Ratio: 6.89 (Prev: 1130.35, Curr: 164.0)"
APLLTD.csv,APLLTD,Price Anomaly (Split/Unadjusted),2024-08-19,"Ratio: 7.10 (Prev: 1089.45, Curr: 153.45)"
APLLTD.csv,APLLTD,Price Anomaly (Split/Unadjusted),2024-08-23,"Ratio: 7.45 (Prev: 1117.6, Curr: 150.0)"
APLLTD.csv,APLLTD,Price Anomaly (Split/Unadjusted),2024-08-27,"Ratio: 7.07 (Prev: 1095.55, Curr: 154.95)"
APLLTD.csv,APLLTD,Price Anomaly (Split/Unadjusted),2024-08-29,"Ratio: 6.88 (Prev: 1067.15, Curr: 155.0)"
APLLTD.csv,APLLTD,Price Anomaly (Split/Unadjusted),2024-09-03,"Ratio: 7.27 (Prev: 1069.9, Curr: 147.25)"
APLLTD.csv,APLLTD,Price Anomaly (Split/Unadjusted),2024-09-05,"Ratio: 7.44 (Prev: 1116.2, Curr: 150.0)"
APLLTD.csv,APLLTD,Price Anomaly (Split/Unadjusted),2024-09-11,"Ratio: 8.28 (Prev: 1243.7, Curr: 150.15)"
APLLTD.csv,APLLTD,Price Anomaly (Split/Unadjusted),2024-09-25,"Ratio: 8.16 (Prev: 1162.8, Curr: 142.5)"
APLLTD.csv,APLLTD,Price Anomaly (Split/Unadjusted),2024-10-03,"Ratio: 8.67 (Prev: 1191.95, Curr: 137.5)"
APLLTD.csv,APLLTD,Price Anomaly (Split/Unadjusted),2024-10-07,"Ratio: 9.51 (Prev: 1242.85, Curr: 130.7)"
APLLTD.csv,APLLTD,Price Anomaly (Split/Unadjusted),2024-10-09,"Ratio: 9.09 (Prev: 1246.85, Curr: 137.2)"
APLLTD.csv,APLLTD,Price Anomaly (Split/Unadjusted),2024-10-25,"Ratio: 8.19 (Prev: 1065.0, Curr: 130.0)"
APLLTD.csv,APLLTD,Price Anomaly (Split/Unadjusted),2024-11-06,"Ratio: 9.70 (Prev: 1127.25, Curr: 116.2)"
APLLTD.csv,APLLTD,Price Anomaly (Split/Unadjusted),2024-12-02,"Ratio: 10.00 (Prev: 1092.2, Curr: 109.25)"
APLLTD.csv,APLLTD,Price Anomaly (Split/Unadjusted),2024-12-10,"Ratio: 9.96 (Prev: 1102.55, Curr: 110.7)"
APLLTD.csv,APLLTD,Price Anomaly (Split/Unadjusted),2024-12-13,"Ratio: 9.30 (Prev: 1046.0, Curr: 112.5)"
APLLTD.csv,APLLTD,Price Anomaly (Split/Unadjusted),2024-12-18,"Ratio: 9.40 (Prev: 1035.4, Curr: 110.2)"
APLLTD.csv,APLLTD,Price Anomaly (Split/Unadjusted),2024-12-30,"Ratio: 10.08 (Prev: 1049.4, Curr: 104.1)"
APLLTD.csv,APLLTD,Price Anomaly (Split/Unadjusted),2025-01-06,"Ratio: 9.95 (Prev: 1053.25, Curr: 105.9)"
APLLTD.csv,APLLTD,Price Anomaly (Split/Unadjusted),2025-01-14,"Ratio: 8.85 (Prev: 1002.35, Curr: 113.3)"
APLLTD.csv,APLLTD,Price Anomaly (Split/Unadjusted),2025-01-17,"Ratio: 9.15 (Prev: 1000.15, Curr: 109.25)"
APLLTD.csv,APLLTD,Price Anomaly (Split/Unadjusted),2025-01-28,"Ratio: 8.77 (Prev: 938.55, Curr: 107.0)"
APLLTD.csv,APLLTD,Price Anomaly (Split/Unadjusted),2025-02-06,"Ratio: 8.06 (Prev: 888.6, Curr: 110.25)"
APLLTD.csv,APLLTD,Price Anomaly (Split/Unadjusted),2025-02-12,"Ratio: 8.28 (Prev: 867.85, Curr: 104.75)"
APLLTD.csv,APLLTD,Price Anomaly (Split/Unadjusted),2025-02-28,"Ratio: 7.53 (Prev: 776.1, Curr: 103.0)"
APLLTD.csv,APLLTD,Price Anomaly (Split/Unadjusted),2025-03-07,"Ratio: 8.79 (Prev: 811.35, Curr: 92.35)"
APLLTD.csv,APLLTD,Price Anomaly (Split/Unadjusted),2025-03-11,"Ratio: 8.48 (Prev: 825.45, Curr: 97.35)"
APLLTD.csv,APLLTD,Price Anomaly (Split/Unadjusted),2025-04-11,"Ratio: 7.08 (Prev: 840.3, Curr: 118.7)"
APLLTD.csv,APLLTD,Price Anomaly (Split/Unadjusted),2025-04-21,"Ratio: 6.82 (Prev: 849.9, Curr: 124.6)"
APLLTD.csv,APLLTD,Price Anomaly (Split/Unadjusted),2025-05-16,"Ratio: 7.20 (Prev: 914.55, Curr: 127.0)"
APLLTD.csv,APLLTD,Price Anomaly (Split/Unadjusted),2025-05-29,"Ratio: 7.85 (Prev: 988.95, Curr: 125.95)"
APLLTD.csv,APLLTD,Price Anomaly (Split/Unadjusted),2025-06-11,"Ratio: 7.82 (Prev: 982.7, Curr: 125.65)"
APLLTD.csv,APLLTD,Price Anomaly (Split/Unadjusted),2025-06-13,"Ratio: 7.94 (Prev: 992.6, Curr: 125.0)"
APLLTD.csv,APLLTD,Price Anomaly (Split/Unadjusted),2025-06-19,"Ratio: 8.50 (Prev: 958.8, Curr: 112.85)"
APLLTD.csv,APLLTD,Price Anomaly (Split/Unadjusted),2025-07-02,"Ratio: 7.04 (Prev: 1012.1, Curr: 143.75)"
APLLTD.csv,APLLTD,Price Anomaly (Split/Unadjusted),2025-07-08,"Ratio: 7.72 (Prev: 1002.3, Curr: 129.85)"
APLLTD.csv,APLLTD,Price Anomaly (Split/Unadjusted),2025-07-11,"Ratio: 7.52 (Prev: 977.1, Curr: 129.85)"
APLLTD.csv,APLLTD,Price Anomaly (Split/Unadjusted),2025-07-24,"Ratio: 8.16 (Prev: 1019.6, Curr: 125.0)"
APLLTD.csv,APLLTD,Price Anomaly (Split/Unadjusted),2025-07-28,"Ratio: 7.74 (Prev: 997.5, Curr: 128.95)"
APLLTD.csv,APLLTD,Price Anomaly (Split/Unadjusted),2025-08-12,"Ratio: 7.53 (Prev: 949.5, Curr: 126.05)"
APLLTD.csv,APLLTD,Price Anomaly (Split/Unadjusted),2025-08-14,"Ratio: 7.54 (Prev: 942.75, Curr: 125.0)"
APLLTD.csv,APLLTD,Price Anomaly (Split/Unadjusted),2025-08-19,"Ratio: 7.77 (Prev: 971.7, Curr: 125.0)"
APLLTD.csv,APLLTD,Price Anomaly (Split/Unadjusted),2025-08-21,"Ratio: 7.50 (Prev: 982.25, Curr: 131.0)"
APLLTD.csv,APLLTD,Price Anomaly (Split/Unadjusted),2025-08-25,"Ratio: 7.09 (Prev: 974.6, Curr: 137.55)"
APLLTD.csv,APLLTD,Price Anomaly (Split/Unadjusted),2025-09-08,"Ratio: 7.57 (Prev: 946.5, Curr: 125.0)"
APLLTD.csv,APLLTD,Price Anomaly (Split/Unadjusted),2025-09-30,"Ratio: 8.27 (Prev: 893.65, Curr: 108.1)"
APLLTD.csv,APLLTD,Price Anomaly (Split/Unadjusted),2025-10-07,"Ratio: 7.99 (Prev: 906.35, Curr: 113.5)"
APLLTD.csv,APLLTD,Price Anomaly (Split/Unadjusted),2025-10-30,"Ratio: 6.94 (Prev: 900.8, Curr: 129.85)"
APLLTD.csv,APLLTD,Price Anomaly (Split/Unadjusted),2025-11-07,"Ratio: 7.10 (Prev: 915.35, Curr: 129.0)"
APLLTD.csv,APLLTD,Price Anomaly (Split/Unadjusted),2025-11-18,"Ratio: 7.59 (Prev: 948.85, Curr: 125.0)"
APLLTD.csv,APLLTD,Price Anomaly (Split/Unadjusted),2025-11-20,"Ratio: 7.25 (Prev: 906.25, Curr: 125.0)"
APLLTD.csv,APLLTD,Price Anomaly (Split/Unadjusted),2025-11-25,"Ratio: 7.37 (Prev: 903.75, Curr: 122.55)"
APLLTD.csv,APLLTD,Price Anomaly (Split/Unadjusted),2025-12-04,"Ratio: 6.67 (Prev: 909.5, Curr: 136.35)"
APLLTD.csv,APLLTD,Price Anomaly (Split/Unadjusted),2025-12-12,"Ratio: 7.17 (Prev: 885.1, Curr: 123.4)"
LAURUSLABS.csv,LAURUSLABS,Price Anomaly (Split/Unadjusted),2018-01-02,"Ratio: 1.42 (Prev: 107.92, Curr: 75.79)"
PFIZER.csv,PFIZER,Price Anomaly (Split/Unadjusted),2018-01-03,"Ratio: 1.41 (Prev: 2529.93, Curr: 1795.86)"
PPLPHARMA.csv,PPLPHARMA,Price Anomaly (Split/Unadjusted),2023-08-09,"Ratio: 6.48 (Prev: 98.45, Curr: 15.2)"
WOCKPHARMA.csv,WOCKPHARMA,Huge Date Gap,2024-03-04 to 2024-06-03,Gap of 91 days
WOCKPHARMA.csv,WOCKPHARMA,Huge Date Gap,2024-07-15 to 2024-10-08,Gap of 85 days
BSOFT.csv,BSOFT,Price Anomaly (Split/Unadjusted),2019-01-24,"Ratio: 1.68 (Prev: 216.65, Curr: 128.95)"
COFORGE.csv,COFORGE,Price Anomaly (Split/Unadjusted),2018-01-03,"Ratio: 1.79 (Prev: 230.66, Curr: 129.19)"
KPITTECH.csv,KPITTECH,Huge Date Gap,2019-02-25 to 2019-04-22,Gap of 56 days
KPITTECH.csv,KPITTECH,Price Anomaly (Split/Unadjusted),2019-01-24,"Ratio: 1.68 (Prev: 216.65, Curr: 128.95)"
LTIM.csv,LTIM,Price Anomaly (Split/Unadjusted),2018-01-03,"Ratio: 1.54 (Prev: 1729.81, Curr: 1122.38)"
LTTS.csv,LTTS,Price Anomaly (Split/Unadjusted),2018-01-03,"Ratio: 1.50 (Prev: 1698.04, Curr: 1135.23)"
OFSS.csv,OFSS,Price Anomaly (Split/Unadjusted),2020-07-13,"Ratio: 2298.04 (Prev: 2757.65, Curr: 1.2)"
OFSS.csv,OFSS,Price Anomaly (Split/Unadjusted),2020-09-11,"Ratio: 6.56 (Prev: 8.2, Curr: 1.25)"
OFSS.csv,OFSS,Price Anomaly (Split/Unadjusted),2020-09-30,"Ratio: 37.05 (Prev: 40.75, Curr: 1.1)"
OFSS.csv,OFSS,Price Anomaly (Split/Unadjusted),2020-10-16,"Ratio: 59.81 (Prev: 62.8, Curr: 1.05)"
OFSS.csv,OFSS,Price Anomaly (Split/Unadjusted),2021-01-14,"Ratio: 1.42 (Prev: 140.9, Curr: 99.05)"
OFSS.csv,OFSS,Price Anomaly (Split/Unadjusted),2021-01-15,"Ratio: 2.51 (Prev: 99.05, Curr: 39.4)"
OFSS.csv,OFSS,Price Anomaly (Split/Unadjusted),2021-01-20,"Ratio: 4.84 (Prev: 22.5, Curr: 4.65)"
OFSS.csv,OFSS,Price Anomaly (Split/Unadjusted),2021-02-02,"Ratio: 1.53 (Prev: -91.25, Curr: -59.6)"
OFSS.csv,OFSS,Price Anomaly (Split/Unadjusted),2021-02-03,"Ratio: 1.69 (Prev: -59.6, Curr: -35.25)"
OFSS.csv,OFSS,Price Anomaly (Split/Unadjusted),2021-03-01,"Ratio: 1.58 (Prev: -296.8, Curr: -187.65)"
OFSS.csv,OFSS,Price Anomaly (Split/Unadjusted),2021-03-16,"Ratio: 2.30 (Prev: -190.65, Curr: -82.85)"
OFSS.csv,OFSS,Price Anomaly (Split/Unadjusted),2021-03-19,"Ratio: 1.63 (Prev: -220.9, Curr: -135.25)"
OFSS.csv,OFSS,Price Anomaly (Split/Unadjusted),2021-04-12,"Ratio: 2341.47 (Prev: 3512.2, Curr: 1.5)"
OFSS.csv,OFSS,Price Anomaly (Split/Unadjusted),2021-07-16,"Ratio: 1.93 (Prev: 154.85, Curr: 80.35)"
OFSS.csv,OFSS,Price Anomaly (Split/Unadjusted),2021-07-20,"Ratio: 7.19 (Prev: 133.1, Curr: 18.5)"
OFSS.csv,OFSS,Price Anomaly (Split/Unadjusted),2021-07-23,"Ratio: 1.54 (Prev: 112.65, Curr: 73.05)"
ZEEL.csv,ZEEL,Price Anomaly (Split/Unadjusted),2024-01-23,"Ratio: 1.49 (Prev: 232.25, Curr: 156.35)"
HINDCOPPER.csv,HINDCOPPER,Price Anomaly (Split/Unadjusted),2018-01-02,"Ratio: 1.97 (Prev: 99.85, Curr: 50.8)"
JSL.csv,JSL,Price Anomaly (Split/Unadjusted),2018-01-02,"Ratio: 3.13 (Prev: 105.75, Curr: 33.8)"
JSWSTEEL.csv,JSWSTEEL,Price Anomaly (Split/Unadjusted),2017-01-04,"Ratio: 10.11 (Prev: 1649.65, Curr: 163.15)"
ATGL.csv,ATGL,Huge Date Gap,2018-01-02 to 2018-11-20,Gap of 322 days
ATGL.csv,ATGL,Huge Date Gap,2021-06-08 to 2021-09-13,Gap of 97 days
ATGL.csv,ATGL,Huge Date Gap,2021-09-15 to 2022-02-28,Gap of 166 days
MRPL.csv,MRPL,Price Anomaly (Split/Unadjusted),2019-06-28,"Ratio: 2.67 (Prev: 60.6, Curr: 22.7)"
ADANIENSOL.csv,ADANIENSOL,Huge Date Gap,2018-10-03 to 2018-10-30,Gap of 27 days
ADANIENSOL.csv,ADANIENSOL,Huge Date Gap,2021-06-08 to 2021-09-13,Gap of 97 days
ADANIENSOL.csv,ADANIENSOL,Huge Date Gap,2021-09-15 to 2022-02-14,Gap of 152 days
ADANIGREEN.csv,ADANIGREEN,Huge Date Gap,2018-01-02 to 2018-07-02,Gap of 181 days
ADANIGREEN.csv,ADANIGREEN,Huge Date Gap,2021-06-08 to 2021-09-13,Gap of 97 days
ADANIGREEN.csv,ADANIGREEN,Price Anomaly (Split/Unadjusted),2018-07-02,"Ratio: 1.63 (Prev: 41.15, Curr: 25.2)"
ADANIPOWER.csv,ADANIPOWER,Huge Date Gap,2021-06-11 to 2021-09-20,Gap of 101 days
ADANIPOWER.csv,ADANIPOWER,Huge Date Gap,2021-10-21 to 2021-11-01,Gap of 11 days
ADANIPOWER.csv,ADANIPOWER,Huge Date Gap,2022-08-24 to 2022-11-28,Gap of 96 days
ADANIPOWER.csv,ADANIPOWER,Huge Date Gap,2023-12-13 to 2024-03-18,Gap of 96 days
ADANIPOWER.csv,ADANIPOWER,Price Anomaly (Split/Unadjusted),2020-06-26,"Ratio: 4.99 (Prev: 36.65, Curr: 7.35)"
ADANIPOWER.csv,ADANIPOWER,Price Anomaly (Split/Unadjusted),2021-09-20,"Ratio: 1.55 (Prev: 29.66, Curr: 19.09)"
JSWENERGY.csv,JSWENERGY,Huge Date Gap,2021-07-28 to 2022-04-25,Gap of 271 days
RELINFRA.csv,RELINFRA,Huge Date Gap,2020-04-22 to 2020-05-27,Gap of 35 days
RELINFRA.csv,RELINFRA,Huge Date Gap,2021-06-16 to 2021-09-20,Gap of 96 days
RELINFRA.csv,RELINFRA,Huge Date Gap,2021-09-24 to 2022-01-04,Gap of 102 days
RELINFRA.csv,RELINFRA,Huge Date Gap,2022-09-12 to 2022-12-06,Gap of 85 days
RELINFRA.csv,RELINFRA,Huge Date Gap,2023-08-14 to 2023-11-07,Gap of 85 days
RELINFRA.csv,RELINFRA,Huge Date Gap,2024-10-07 to 2024-12-31,Gap of 85 days
RELINFRA.csv,RELINFRA,Price Anomaly (Split/Unadjusted),2019-02-06,"Ratio: 1.47 (Prev: 228.4, Curr: 155.15)"
RPOWER.csv,RPOWER,Huge Date Gap,2020-11-09 to 2021-02-02,Gap of 85 days
RPOWER.csv,RPOWER,Huge Date Gap,2021-06-08 to 2021-09-13,Gap of 97 days
RPOWER.csv,RPOWER,Huge Date Gap,2021-09-15 to 2021-10-25,Gap of 40 days
RPOWER.csv,RPOWER,Huge Date Gap,2021-11-11 to 2021-12-27,Gap of 46 days
RPOWER.csv,RPOWER,Huge Date Gap,2022-09-12 to 2022-12-06,Gap of 85 days
RPOWER.csv,RPOWER,Huge Date Gap,2024-01-30 to 2024-04-23,Gap of 84 days
RPOWER.csv,RPOWER,Huge Date Gap,2024-10-07 to 2024-12-31,Gap of 85 days
RPOWER.csv,RPOWER,Huge Date Gap,2025-06-16 to 2025-09-09,Gap of 85 days
RPOWER.csv,RPOWER,Price Anomaly (Split/Unadjusted),2019-02-04,"Ratio: 1.54 (Prev: 26.45, Curr: 17.15)"
RPOWER.csv,RPOWER,Price Anomaly (Split/Unadjusted),2019-02-05,"Ratio: 1.43 (Prev: 17.15, Curr: 12.0)"
RPOWER.csv,RPOWER,Price Anomaly (Split/Unadjusted),2025-09-09,"Ratio: 1.44 (Prev: 66.98, Curr: 46.63)"
HFCL.csv,HFCL,Huge Date Gap,2021-07-08 to 2021-10-11,Gap of 95 days
HFCL.csv,HFCL,Price Anomaly (Split/Unadjusted),2019-10-16,"Ratio: 113.75 (Prev: 2013.3, Curr: 17.7)"
HFCL.csv,HFCL,Price Anomaly (Split/Unadjusted),2019-10-22,"Ratio: 120.72 (Prev: 2094.45, Curr: 17.35)"
HFCL.csv,HFCL,Price Anomaly (Split/Unadjusted),2019-10-25,"Ratio: 126.17 (Prev: 2144.95, Curr: 17.0)"
HFCL.csv,HFCL,Price Anomaly (Split/Unadjusted),2019-11-04,"Ratio: 119.92 (Prev: 2128.6, Curr: 17.75)"
HFCL.csv,HFCL,Price Anomaly (Split/Unadjusted),2019-11-11,"Ratio: 131.36 (Prev: 2233.2, Curr: 17.0)"
HFCL.csv,HFCL,Price Anomaly (Split/Unadjusted),2019-11-18,"Ratio: 130.06 (Prev: 2224.05, Curr: 17.1)"
HFCL.csv,HFCL,Price Anomaly (Split/Unadjusted),2019-11-22,"Ratio: 127.40 (Prev: 2210.35, Curr: 17.35)"
HFCL.csv,HFCL,Price Anomaly (Split/Unadjusted),2019-11-28,"Ratio: 136.63 (Prev: 2336.3, Curr: 17.1)"
HFCL.csv,HFCL,Price Anomaly (Split/Unadjusted),2019-12-04,"Ratio: 121.77 (Prev: 2319.7, Curr: 19.05)"
HFCL.csv,HFCL,Price Anomaly (Split/Unadjusted),2019-12-09,"Ratio: 129.41 (Prev: 2264.65, Curr: 17.5)"
HFCL.csv,HFCL,Price Anomaly (Split/Unadjusted),2019-12-13,"Ratio: 134.79 (Prev: 2318.45, Curr: 17.2)"
HFCL.csv,HFCL,Price Anomaly (Split/Unadjusted),2019-12-18,"Ratio: 141.70 (Prev: 2430.1, Curr: 17.15)"
HFCL.csv,HFCL,Price Anomaly (Split/Unadjusted),2019-12-31,"Ratio: 138.93 (Prev: 2438.25, Curr: 17.55)"
HFCL.csv,HFCL,Price Anomaly (Split/Unadjusted),2020-01-02,"Ratio: 135.97 (Prev: 2433.95, Curr: 17.9)"
HFCL.csv,HFCL,Price Anomaly (Split/Unadjusted),2020-01-07,"Ratio: 137.81 (Prev: 2384.1, Curr: 17.3)"
HFCL.csv,HFCL,Price Anomaly (Split/Unadjusted),2020-01-14,"Ratio: 139.13 (Prev: 2462.55, Curr: 17.7)"
HFCL.csv,HFCL,Price Anomaly (Split/Unadjusted),2020-01-20,"Ratio: 141.85 (Prev: 2453.95, Curr: 17.3)"
HFCL.csv,HFCL,Price Anomaly (Split/Unadjusted),2020-01-23,"Ratio: 140.91 (Prev: 2416.6, Curr: 17.15)"
HFCL.csv,HFCL,Price Anomaly (Split/Unadjusted),2020-01-28,"Ratio: 141.76 (Prev: 2395.8, Curr: 16.9)"
HFCL.csv,HFCL,Price Anomaly (Split/Unadjusted),2020-02-03,"Ratio: 143.26 (Prev: 2414.0, Curr: 16.85)"
HFCL.csv,HFCL,Price Anomaly (Split/Unadjusted),2020-02-10,"Ratio: 142.35 (Prev: 2405.65, Curr: 16.9)"
HFCL.csv,HFCL,Price Anomaly (Split/Unadjusted),2020-02-14,"Ratio: 142.23 (Prev: 2403.65, Curr: 16.9)"
HFCL.csv,HFCL,Price Anomaly (Split/Unadjusted),2020-02-18,"Ratio: 139.07 (Prev: 2350.25, Curr: 16.9)"
HFCL.csv,HFCL,Price Anomaly (Split/Unadjusted),2020-02-20,"Ratio: 139.84 (Prev: 2377.25, Curr: 17.0)"
HFCL.csv,HFCL,Price Anomaly (Split/Unadjusted),2020-03-02,"Ratio: 167.37 (Prev: 2175.75, Curr: 13.0)"
HFCL.csv,HFCL,Price Anomaly (Split/Unadjusted),2020-03-16,"Ratio: 203.63 (Prev: 2066.8, Curr: 10.15)"
HFCL.csv,HFCL,Price Anomaly (Split/Unadjusted),2020-04-09,"Ratio: 153.58 (Prev: 1558.8, Curr: 10.15)"
HFCL.csv,HFCL,Price Anomaly (Split/Unadjusted),2020-04-15,"Ratio: 145.83 (Prev: 1655.2, Curr: 11.35)"
HFCL.csv,HFCL,Price Anomaly (Split/Unadjusted),2020-04-29,"Ratio: 155.98 (Prev: 1715.8, Curr: 11.0)"
HFCL.csv,HFCL,Price Anomaly (Split/Unadjusted),2020-05-04,"Ratio: 181.61 (Prev: 1916.0, Curr: 10.55)"
HFCL.csv,HFCL,Price Anomaly (Split/Unadjusted),2020-05-12,"Ratio: 165.02 (Prev: 1658.45, Curr: 10.05)"
HFCL.csv,HFCL,Price Anomaly (Split/Unadjusted),2020-05-22,"Ratio: 181.51 (Prev: 1597.3, Curr: 8.8)"
HFCL.csv,HFCL,Price Anomaly (Split/Unadjusted),2020-06-01,"Ratio: 165.06 (Prev: 1658.9, Curr: 10.05)"
HFCL.csv,HFCL,Price Anomaly (Split/Unadjusted),2020-06-09,"Ratio: 131.40 (Prev: 1760.8, Curr: 13.4)"
HFCL.csv,HFCL,Price Anomaly (Split/Unadjusted),2020-06-24,"Ratio: 131.76 (Prev: 1838.1, Curr: 13.95)"
HFCL.csv,HFCL,Price Anomaly (Split/Unadjusted),2020-07-10,"Ratio: 140.21 (Prev: 1941.85, Curr: 13.85)"
HFCL.csv,HFCL,Price Anomaly (Split/Unadjusted),2020-07-14,"Ratio: 143.62 (Prev: 1845.55, Curr: 12.85)"
HFCL.csv,HFCL,Price Anomaly (Split/Unadjusted),2020-07-20,"Ratio: 142.75 (Prev: 1805.85, Curr: 12.65)"
HFCL.csv,HFCL,Price Anomaly (Split/Unadjusted),2020-07-28,"Ratio: 163.06 (Prev: 1850.75, Curr: 11.35)"
HFCL.csv,HFCL,Price Anomaly (Split/Unadjusted),2020-08-05,"Ratio: 132.42 (Prev: 1781.1, Curr: 13.45)"
HFCL.csv,HFCL,Price Anomaly (Split/Unadjusted),2020-08-07,"Ratio: 124.74 (Prev: 1783.75, Curr: 14.3)"
HFCL.csv,HFCL,Price Anomaly (Split/Unadjusted),2020-08-19,"Ratio: 114.51 (Prev: 1820.7, Curr: 15.9)"
HFCL.csv,HFCL,Price Anomaly (Split/Unadjusted),2020-08-24,"Ratio: 101.07 (Prev: 1804.05, Curr: 17.85)"
HFCL.csv,HFCL,Price Anomaly (Split/Unadjusted),2020-08-28,"Ratio: 112.63 (Prev: 1864.1, Curr: 16.55)"
HFCL.csv,HFCL,Price Anomaly (Split/Unadjusted),2020-09-02,"Ratio: 120.60 (Prev: 1851.2, Curr: 15.35)"
HFCL.csv,HFCL,Price Anomaly (Split/Unadjusted),2020-09-08,"Ratio: 107.90 (Prev: 1791.1, Curr: 16.6)"
HFCL.csv,HFCL,Price Anomaly (Split/Unadjusted),2020-09-14,"Ratio: 109.15 (Prev: 1768.15, Curr: 16.2)"
HFCL.csv,HFCL,Price Anomaly (Split/Unadjusted),2020-09-16,"Ratio: 111.67 (Prev: 1758.75, Curr: 15.75)"
HFCL.csv,HFCL,Price Anomaly (Split/Unadjusted),2020-09-22,"Ratio: 114.64 (Prev: 1708.15, Curr: 14.9)"
HFCL.csv,HFCL,Price Anomaly (Split/Unadjusted),2020-09-24,"Ratio: 116.17 (Prev: 1667.1, Curr: 14.35)"
HFCL.csv,HFCL,Price Anomaly (Split/Unadjusted),2020-09-29,"Ratio: 102.22 (Prev: 1681.45, Curr: 16.45)"
HFCL.csv,HFCL,Price Anomaly (Split/Unadjusted),2020-10-01,"Ratio: 110.13 (Prev: 1740.05, Curr: 15.8)"
HFCL.csv,HFCL,Price Anomaly (Split/Unadjusted),2020-10-06,"Ratio: 102.59 (Prev: 1785.1, Curr: 17.4)"
HFCL.csv,HFCL,Price Anomaly (Split/Unadjusted),2020-10-20,"Ratio: 121.65 (Prev: 2031.5, Curr: 16.7)"
HFCL.csv,HFCL,Price Anomaly (Split/Unadjusted),2020-11-05,"Ratio: 123.56 (Prev: 2088.2, Curr: 16.9)"
HFCL.csv,HFCL,Price Anomaly (Split/Unadjusted),2020-11-10,"Ratio: 125.49 (Prev: 2152.1, Curr: 17.15)"
HFCL.csv,HFCL,Price Anomaly (Split/Unadjusted),2020-11-19,"Ratio: 130.30 (Prev: 2364.9, Curr: 18.15)"
HFCL.csv,HFCL,Price Anomaly (Split/Unadjusted),2020-12-07,"Ratio: 103.02 (Prev: 2245.9, Curr: 21.8)"
HFCL.csv,HFCL,Price Anomaly (Split/Unadjusted),2020-12-16,"Ratio: 98.14 (Prev: 2350.35, Curr: 23.95)"
HFCL.csv,HFCL,Price Anomaly (Split/Unadjusted),2020-12-21,"Ratio: 108.27 (Prev: 2479.4, Curr: 22.9)"
HFCL.csv,HFCL,Price Anomaly (Split/Unadjusted),2020-12-28,"Ratio: 92.65 (Prev: 2455.15, Curr: 26.5)"
HFCL.csv,HFCL,Price Anomaly (Split/Unadjusted),2021-01-04,"Ratio: 95.49 (Prev: 2568.75, Curr: 26.9)"
HFCL.csv,HFCL,Price Anomaly (Split/Unadjusted),2021-01-19,"Ratio: 78.25 (Prev: 2566.5, Curr: 32.8)"
HFCL.csv,HFCL,Price Anomaly (Split/Unadjusted),2021-02-01,"Ratio: 83.58 (Prev: 2377.8, Curr: 28.45)"
HFCL.csv,HFCL,Price Anomaly (Split/Unadjusted),2021-02-05,"Ratio: 100.47 (Prev: 2707.75, Curr: 26.95)"
HFCL.csv,HFCL,Price Anomaly (Split/Unadjusted),2021-02-12,"Ratio: 98.77 (Prev: 2760.6, Curr: 27.95)"
HFCL.csv,HFCL,Price Anomaly (Split/Unadjusted),2021-02-19,"Ratio: 93.69 (Prev: 2745.15, Curr: 29.3)"
HFCL.csv,HFCL,Price Anomaly (Split/Unadjusted),2021-02-24,"Ratio: 88.06 (Prev: 2628.6, Curr: 29.85)"
HFCL.csv,HFCL,Price Anomaly (Split/Unadjusted),2021-03-01,"Ratio: 86.97 (Prev: 2539.4, Curr: 29.2)"
HFCL.csv,HFCL,Price Anomaly (Split/Unadjusted),2021-03-08,"Ratio: 88.33 (Prev: 2543.9, Curr: 28.8)"
HFCL.csv,HFCL,Price Anomaly (Split/Unadjusted),2021-03-16,"Ratio: 90.55 (Prev: 2535.5, Curr: 28.0)"
HFCL.csv,HFCL,Price Anomaly (Split/Unadjusted),2021-03-25,"Ratio: 96.70 (Prev: 2465.75, Curr: 25.5)"
HFCL.csv,HFCL,Price Anomaly (Split/Unadjusted),2021-03-30,"Ratio: 99.32 (Prev: 2532.75, Curr: 25.5)"
HFCL.csv,HFCL,Price Anomaly (Split/Unadjusted),2021-04-07,"Ratio: 96.20 (Prev: 2472.3, Curr: 25.7)"
HFCL.csv,HFCL,Price Anomaly (Split/Unadjusted),2021-04-12,"Ratio: 104.96 (Prev: 2513.9, Curr: 23.95)"
HFCL.csv,HFCL,Price Anomaly (Split/Unadjusted),2021-04-19,"Ratio: 106.59 (Prev: 2574.05, Curr: 24.15)"
HFCL.csv,HFCL,Price Anomaly (Split/Unadjusted),2021-04-23,"Ratio: 89.84 (Prev: 2479.7, Curr: 27.6)"
HFCL.csv,HFCL,Price Anomaly (Split/Unadjusted),2021-04-30,"Ratio: 91.33 (Prev: 2538.85, Curr: 27.8)"
HFCL.csv,HFCL,Price Anomaly (Split/Unadjusted),2021-05-07,"Ratio: 69.14 (Prev: 2430.1, Curr: 35.15)"
HFCL.csv,HFCL,Price Anomaly (Split/Unadjusted),2021-05-14,"Ratio: 65.56 (Prev: 2438.7, Curr: 37.2)"
HFCL.csv,HFCL,Price Anomaly (Split/Unadjusted),2021-05-18,"Ratio: 59.91 (Prev: 2486.45, Curr: 41.5)"
HFCL.csv,HFCL,Price Anomaly (Split/Unadjusted),2021-05-21,"Ratio: 49.80 (Prev: 2445.0, Curr: 49.1)"
HFCL.csv,HFCL,Price Anomaly (Split/Unadjusted),2021-05-27,"Ratio: 54.86 (Prev: 2567.55, Curr: 46.8)"
HFCL.csv,HFCL,Price Anomaly (Split/Unadjusted),2021-06-03,"Ratio: 55.52 (Prev: 2562.15, Curr: 46.15)"
HFCL.csv,HFCL,Price Anomaly (Split/Unadjusted),2021-06-14,"Ratio: 51.98 (Prev: 2559.8, Curr: 49.25)"
HFCL.csv,HFCL,Price Anomaly (Split/Unadjusted),2021-06-17,"Ratio: 47.40 (Prev: 2521.45, Curr: 53.2)"
HFCL.csv,HFCL,Price Anomaly (Split/Unadjusted),2021-06-22,"Ratio: 37.67 (Prev: 2516.4, Curr: 66.8)"
HFCL.csv,HFCL,Price Anomaly (Split/Unadjusted),2021-06-29,"Ratio: 37.13 (Prev: 2494.95, Curr: 67.2)"
HFCL.csv,HFCL,Price Anomaly (Split/Unadjusted),2021-07-05,"Ratio: 28.42 (Prev: 2475.7, Curr: 87.1)"
HFCL.csv,HFCL,Price Anomaly (Split/Unadjusted),2021-07-08,"Ratio: 29.84 (Prev: 2529.2, Curr: 84.75)"
HFCL.csv,HFCL,Price Anomaly (Split/Unadjusted),2021-10-12,"Ratio: 35.77 (Prev: 2749.25, Curr: 76.85)"
HFCL.csv,HFCL,Price Anomaly (Split/Unadjusted),2021-10-21,"Ratio: 38.61 (Prev: 2795.1, Curr: 72.4)"
HFCL.csv,HFCL,Price Anomaly (Split/Unadjusted),2021-10-27,"Ratio: 38.11 (Prev: 2911.65, Curr: 76.4)"
HFCL.csv,HFCL,Price Anomaly (Split/Unadjusted),2021-11-01,"Ratio: 38.68 (Prev: 2844.7, Curr: 73.55)"
HFCL.csv,HFCL,Price Anomaly (Split/Unadjusted),2021-11-03,"Ratio: 39.35 (Prev: 2900.05, Curr: 73.7)"
HFCL.csv,HFCL,Price Anomaly (Split/Unadjusted),2021-11-12,"Ratio: 38.40 (Prev: 2908.85, Curr: 75.75)"
HFCL.csv,HFCL,Price Anomaly (Split/Unadjusted),2021-11-17,"Ratio: 39.89 (Prev: 2975.45, Curr: 74.6)"
HFCL.csv,HFCL,Price Anomaly (Split/Unadjusted),2021-11-22,"Ratio: 41.55 (Prev: 2925.4, Curr: 70.4)"
HFCL.csv,HFCL,Price Anomaly (Split/Unadjusted),2021-11-29,"Ratio: 39.17 (Prev: 2741.7, Curr: 70.0)"
HFCL.csv,HFCL,Price Anomaly (Split/Unadjusted),2021-12-02,"Ratio: 37.55 (Prev: 2703.65, Curr: 72.0)"
HFCL.csv,HFCL,Price Anomaly (Split/Unadjusted),2021-12-09,"Ratio: 30.88 (Prev: 2853.0, Curr: 92.4)"
HFCL.csv,HFCL,Price Anomaly (Split/Unadjusted),2021-12-13,"Ratio: 32.14 (Prev: 2808.75, Curr: 87.4)"
HFCL.csv,HFCL,Price Anomaly (Split/Unadjusted),2021-12-15,"Ratio: 33.62 (Prev: 2751.95, Curr: 81.85)"
HFCL.csv,HFCL,Price Anomaly (Split/Unadjusted),2021-12-20,"Ratio: 35.39 (Prev: 2617.35, Curr: 73.95)"
HFCL.csv,HFCL,Price Anomaly (Split/Unadjusted),2021-12-24,"Ratio: 33.39 (Prev: 2571.15, Curr: 77.0)"
HFCL.csv,HFCL,Price Anomaly (Split/Unadjusted),2021-12-28,"Ratio: 31.75 (Prev: 2558.85, Curr: 80.6)"
HFCL.csv,HFCL,Price Anomaly (Split/Unadjusted),2021-12-30,"Ratio: 32.49 (Prev: 2563.55, Curr: 78.9)"
HFCL.csv,HFCL,Price Anomaly (Split/Unadjusted),2022-01-06,"Ratio: 30.82 (Prev: 2673.65, Curr: 86.75)"
HFCL.csv,HFCL,Price Anomaly (Split/Unadjusted),2022-01-10,"Ratio: 29.88 (Prev: 2596.7, Curr: 86.9)"
HFCL.csv,HFCL,Price Anomaly (Split/Unadjusted),2022-01-14,"Ratio: 30.01 (Prev: 2756.0, Curr: 91.85)"
HFCL.csv,HFCL,Price Anomaly (Split/Unadjusted),2022-01-25,"Ratio: 31.05 (Prev: 2539.8, Curr: 81.8)"
HFCL.csv,HFCL,Price Anomaly (Split/Unadjusted),2022-02-08,"Ratio: 30.35 (Prev: 2428.15, Curr: 80.0)"
HFCL.csv,HFCL,Price Anomaly (Split/Unadjusted),2022-02-17,"Ratio: 30.82 (Prev: 2363.85, Curr: 76.7)"
HFCL.csv,HFCL,Price Anomaly (Split/Unadjusted),2022-02-24,"Ratio: 38.17 (Prev: 2437.05, Curr: 63.85)"
HFCL.csv,HFCL,Price Anomaly (Split/Unadjusted),2022-03-08,"Ratio: 29.70 (Prev: 2121.95, Curr: 71.45)"
HFCL.csv,HFCL,Price Anomaly (Split/Unadjusted),2022-03-11,"Ratio: 30.70 (Prev: 2237.95, Curr: 72.9)"
HFCL.csv,HFCL,Price Anomaly (Split/Unadjusted),2022-03-15,"Ratio: 31.43 (Prev: 2275.7, Curr: 72.4)"
HFCL.csv,HFCL,Price Anomaly (Split/Unadjusted),2022-03-24,"Ratio: 32.34 (Prev: 2346.3, Curr: 72.55)"
HFCL.csv,HFCL,Price Anomaly (Split/Unadjusted),2022-04-04,"Ratio: 29.91 (Prev: 2452.3, Curr: 82.0)"
HFCL.csv,HFCL,Price Anomaly (Split/Unadjusted),2022-04-06,"Ratio: 31.38 (Prev: 2623.7, Curr: 83.6)"
HFCL.csv,HFCL,Price Anomaly (Split/Unadjusted),2022-04-20,"Ratio: 27.54 (Prev: 2140.2, Curr: 77.7)"
HFCL.csv,HFCL,Price Anomaly (Split/Unadjusted),2022-04-22,"Ratio: 28.88 (Prev: 2230.65, Curr: 77.25)"
HFCL.csv,HFCL,Price Anomaly (Split/Unadjusted),2022-04-29,"Ratio: 29.97 (Prev: 2224.0, Curr: 74.2)"
HFCL.csv,HFCL,Price Anomaly (Split/Unadjusted),2022-05-04,"Ratio: 34.49 (Prev: 2264.0, Curr: 65.65)"
HFCL.csv,HFCL,Price Anomaly (Split/Unadjusted),2022-05-10,"Ratio: 33.05 (Prev: 2168.3, Curr: 65.6)"
HFCL.csv,HFCL,Price Anomaly (Split/Unadjusted),2022-05-17,"Ratio: 31.97 (Prev: 2172.1, Curr: 67.95)"
HFCL.csv,HFCL,Price Anomaly (Split/Unadjusted),2022-05-24,"Ratio: 33.79 (Prev: 2175.95, Curr: 64.4)"
HFCL.csv,HFCL,Price Anomaly (Split/Unadjusted),2022-06-02,"Ratio: 34.88 (Prev: 2329.9, Curr: 66.8)"
HFCL.csv,HFCL,Price Anomaly (Split/Unadjusted),2022-06-09,"Ratio: 35.40 (Prev: 2258.65, Curr: 63.8)"
HFCL.csv,HFCL,Price Anomaly (Split/Unadjusted),2022-06-13,"Ratio: 36.36 (Prev: 2179.8, Curr: 59.95)"
HFCL.csv,HFCL,Price Anomaly (Split/Unadjusted),2022-06-20,"Ratio: 38.73 (Prev: 2052.7, Curr: 53.0)"
HFCL.csv,HFCL,Price Anomaly (Split/Unadjusted),2022-06-28,"Ratio: 38.84 (Prev: 2194.45, Curr: 56.5)"
HFCL.csv,HFCL,Price Anomaly (Split/Unadjusted),2022-06-30,"Ratio: 39.48 (Prev: 2177.15, Curr: 55.15)"
HFCL.csv,HFCL,Price Anomaly (Split/Unadjusted),2022-07-06,"Ratio: 39.91 (Prev: 2202.9, Curr: 55.2)"
HFCL.csv,HFCL,Price Anomaly (Split/Unadjusted),2022-07-08,"Ratio: 38.78 (Prev: 2245.55, Curr: 57.9)"
HFCL.csv,HFCL,Price Anomaly (Split/Unadjusted),2022-07-15,"Ratio: 32.30 (Prev: 2167.4, Curr: 67.1)"
HFCL.csv,HFCL,Price Anomaly (Split/Unadjusted),2022-07-25,"Ratio: 36.33 (Prev: 2295.95, Curr: 63.2)"
HFCL.csv,HFCL,Price Anomaly (Split/Unadjusted),2022-07-29,"Ratio: 35.12 (Prev: 2337.55, Curr: 66.55)"
HFCL.csv,HFCL,Price Anomaly (Split/Unadjusted),2022-08-17,"Ratio: 32.69 (Prev: 2484.15, Curr: 76.0)"
HFCL.csv,HFCL,Price Anomaly (Split/Unadjusted),2022-08-23,"Ratio: 33.68 (Prev: 2423.2, Curr: 71.95)"
HFCL.csv,HFCL,Price Anomaly (Split/Unadjusted),2022-08-30,"Ratio: 31.84 (Prev: 2366.0, Curr: 74.3)"
HFCL.csv,HFCL,Price Anomaly (Split/Unadjusted),2022-09-02,"Ratio: 31.47 (Prev: 2404.2, Curr: 76.4)"
HFCL.csv,HFCL,Price Anomaly (Split/Unadjusted),2022-09-08,"Ratio: 30.29 (Prev: 2427.8, Curr: 80.15)"
HFCL.csv,HFCL,Price Anomaly (Split/Unadjusted),2022-09-19,"Ratio: 32.31 (Prev: 2404.1, Curr: 74.4)"
HFCL.csv,HFCL,Price Anomaly (Split/Unadjusted),2022-09-21,"Ratio: 33.00 (Prev: 2486.25, Curr: 75.35)"
HFCL.csv,HFCL,Price Anomaly (Split/Unadjusted),2022-09-23,"Ratio: 33.10 (Prev: 2416.65, Curr: 73.0)"
HFCL.csv,HFCL,Price Anomaly (Split/Unadjusted),2022-09-27,"Ratio: 32.58 (Prev: 2309.65, Curr: 70.9)"
HFCL.csv,HFCL,Price Anomaly (Split/Unadjusted),2022-10-04,"Ratio: 30.64 (Prev: 2283.05, Curr: 74.5)"
HFCL.csv,HFCL,Price Anomaly (Split/Unadjusted),2022-10-13,"Ratio: 30.09 (Prev: 2301.75, Curr: 76.5)"
HFCL.csv,HFCL,Price Anomaly (Split/Unadjusted),2022-10-17,"Ratio: 31.25 (Prev: 2343.5, Curr: 75.0)"
HFCL.csv,HFCL,Price Anomaly (Split/Unadjusted),2022-10-21,"Ratio: 30.45 (Prev: 2369.2, Curr: 77.8)"
HFCL.csv,HFCL,Price Anomaly (Split/Unadjusted),2022-10-31,"Ratio: 29.03 (Prev: 2400.45, Curr: 82.7)"
HFCL.csv,HFCL,Price Anomaly (Split/Unadjusted),2022-11-03,"Ratio: 30.94 (Prev: 2508.0, Curr: 81.05)"
HFCL.csv,HFCL,Price Anomaly (Split/Unadjusted),2022-11-10,"Ratio: 31.93 (Prev: 2503.5, Curr: 78.4)"
HFCL.csv,HFCL,Price Anomaly (Split/Unadjusted),2022-11-23,"Ratio: 33.15 (Prev: 2625.35, Curr: 79.2)"
HFCL.csv,HFCL,Price Anomaly (Split/Unadjusted),2022-11-25,"Ratio: 33.51 (Prev: 2689.05, Curr: 80.25)"
HFCL.csv,HFCL,Price Anomaly (Split/Unadjusted),2022-12-07,"Ratio: 32.07 (Prev: 2684.1, Curr: 83.7)"
HFCL.csv,HFCL,Price Anomaly (Split/Unadjusted),2022-12-20,"Ratio: 34.07 (Prev: 2710.55, Curr: 79.55)"
HFCL.csv,HFCL,Price Anomaly (Split/Unadjusted),2023-01-03,"Ratio: 34.60 (Prev: 2652.4, Curr: 76.65)"
HFCL.csv,HFCL,Price Anomaly (Split/Unadjusted),2023-01-05,"Ratio: 35.29 (Prev: 2625.7, Curr: 74.4)"
HFCL.csv,HFCL,Price Anomaly (Split/Unadjusted),2023-01-17,"Ratio: 36.37 (Prev: 2594.8, Curr: 71.35)"
HFCL.csv,HFCL,Price Anomaly (Split/Unadjusted),2023-01-20,"Ratio: 37.57 (Prev: 2691.7, Curr: 71.65)"
HFCL.csv,HFCL,Price Anomaly (Split/Unadjusted),2023-01-25,"Ratio: 39.37 (Prev: 2775.4, Curr: 70.5)"
HFCL.csv,HFCL,Price Anomaly (Split/Unadjusted),2023-02-06,"Ratio: 39.14 (Prev: 2694.65, Curr: 68.85)"
HFCL.csv,HFCL,Price Anomaly (Split/Unadjusted),2023-02-17,"Ratio: 39.83 (Prev: 2700.5, Curr: 67.8)"
HFCL.csv,HFCL,Price Anomaly (Split/Unadjusted),2023-02-27,"Ratio: 40.68 (Prev: 2577.15, Curr: 63.35)"
HFCL.csv,HFCL,Price Anomaly (Split/Unadjusted),2023-03-16,"Ratio: 40.14 (Prev: 2528.85, Curr: 63.0)"
HFCL.csv,HFCL,Price Anomaly (Split/Unadjusted),2023-03-21,"Ratio: 40.94 (Prev: 2554.7, Curr: 62.4)"
HFCL.csv,HFCL,Price Anomaly (Split/Unadjusted),2023-03-24,"Ratio: 42.27 (Prev: 2569.85, Curr: 60.8)"
HFCL.csv,HFCL,Price Anomaly (Split/Unadjusted),2023-03-31,"Ratio: 42.71 (Prev: 2603.05, Curr: 60.95)"
HFCL.csv,HFCL,Price Anomaly (Split/Unadjusted),2023-04-06,"Ratio: 43.30 (Prev: 2705.95, Curr: 62.5)"
HFCL.csv,HFCL,Price Anomaly (Split/Unadjusted),2023-04-11,"Ratio: 43.23 (Prev: 2727.75, Curr: 63.1)"
HFCL.csv,HFCL,Price Anomaly (Split/Unadjusted),2023-04-18,"Ratio: 43.94 (Prev: 2742.05, Curr: 62.4)"
HFCL.csv,HFCL,Price Anomaly (Split/Unadjusted),2023-05-03,"Ratio: 42.99 (Prev: 2790.0, Curr: 64.9)"
HFCL.csv,HFCL,Price Anomaly (Split/Unadjusted),2023-05-08,"Ratio: 40.79 (Prev: 2702.3, Curr: 66.25)"
HFCL.csv,HFCL,Price Anomaly (Split/Unadjusted),2023-05-17,"Ratio: 41.00 (Prev: 2722.65, Curr: 66.4)"
HFCL.csv,HFCL,Price Anomaly (Split/Unadjusted),2023-05-29,"Ratio: 41.84 (Prev: 2650.6, Curr: 63.35)"
HFCL.csv,HFCL,Price Anomaly (Split/Unadjusted),2023-06-01,"Ratio: 40.90 (Prev: 2640.4, Curr: 64.55)"
HFCL.csv,HFCL,Price Anomaly (Split/Unadjusted),2023-06-09,"Ratio: 37.83 (Prev: 2653.8, Curr: 70.15)"
HFCL.csv,HFCL,Price Anomaly (Split/Unadjusted),2023-06-20,"Ratio: 38.96 (Prev: 2654.8, Curr: 68.15)"
HFCL.csv,HFCL,Price Anomaly (Split/Unadjusted),2023-06-22,"Ratio: 40.54 (Prev: 2702.0, Curr: 66.65)"
HFCL.csv,HFCL,Price Anomaly (Split/Unadjusted),2023-06-27,"Ratio: 41.53 (Prev: 2720.3, Curr: 65.5)"
HFCL.csv,HFCL,Price Anomaly (Split/Unadjusted),2023-07-03,"Ratio: 41.35 (Prev: 2821.95, Curr: 68.25)"
HFCL.csv,HFCL,Price Anomaly (Split/Unadjusted),2023-07-06,"Ratio: 41.36 (Prev: 2796.15, Curr: 67.6)"
HFCL.csv,HFCL,Price Anomaly (Split/Unadjusted),2023-07-13,"Ratio: 42.60 (Prev: 2724.3, Curr: 63.95)"
IDEA.csv,IDEA,Price Anomaly (Split/Unadjusted),2020-03-18,"Ratio: 1.53 (Prev: 4.9, Curr: 3.2)"
TATACOMM.csv,TATACOMM,Huge Date Gap,2019-09-16 to 2019-10-01,Gap of 15 days
TATACOMM.csv,TATACOMM,Price Anomaly (Split/Unadjusted),2019-06-28,"Ratio: 1.59 (Prev: 479.65, Curr: 301.11)"
DHFL.csv,DHFL,Price Anomaly (Split/Unadjusted),2018-09-21,"Ratio: 1.74 (Prev: 611.95, Curr: 350.95)"
DHFL.csv,DHFL,Price Anomaly (Split/Unadjusted),2019-07-15,"Ratio: 1.58 (Prev: 65.65, Curr: 41.6)"
DISHTV.csv,DISHTV,Huge Date Gap,2021-10-11 to 2022-01-04,Gap of 85 days
DISHTV.csv,DISHTV,Huge Date Gap,2025-04-15 to 2025-07-21,Gap of 97 days
DISHTV.csv,DISHTV,Price Anomaly (Split/Unadjusted),2019-01-25,"Ratio: 1.49 (Prev: 33.7, Curr: 22.65)"
FTSE100.csv,FTSE100,Huge Date Gap,2017-01-03 to 2017-10-12,Gap of 282 days
FTSE100.csv,FTSE100,Huge Date Gap,2017-10-13 to 2018-02-06,Gap of 116 days
FTSE100.csv,FTSE100,Huge Date Gap,2018-02-06 to 2018-09-28,Gap of 234 days
GNFC.csv,GNFC,Price Anomaly (Split/Unadjusted),2018-01-02,"Ratio: 1.42 (Prev: 487.8, Curr: 343.4)"
HCC.csv,HCC,Huge Date Gap,2025-06-16 to 2025-09-09,Gap of 85 days
INFIBEAM.csv,INFIBEAM,Huge Date Gap,2020-12-09 to 2020-12-24,Gap of 15 days
INFIBEAM.csv,INFIBEAM,Huge Date Gap,2024-09-10 to 2024-09-25,Gap of 15 days
INFIBEAM.csv,INFIBEAM,Price Anomaly (Split/Unadjusted),2017-08-31,"Ratio: 9.78 (Prev: 1473.05, Curr: 150.55)"
INFIBEAM.csv,INFIBEAM,Price Anomaly (Split/Unadjusted),2018-09-28,"Ratio: 3.48 (Prev: 204.0, Curr: 58.6)"
INFIBEAM.csv,INFIBEAM,Price Anomaly (Split/Unadjusted),2021-03-18,"Ratio: 2.34 (Prev: 101.0, Curr: 43.25)"
INFIBEAM.csv,INFIBEAM,Price Anomaly (Split/Unadjusted),2022-03-14,"Ratio: 2.08 (Prev: 44.75, Curr: 21.5)"
JETAIRWAYS.csv,JETAIRWAYS,Price Anomaly (Split/Unadjusted),2019-04-18,"Ratio: 1.47 (Prev: 223.25, Curr: 151.55)"
JETAIRWAYS.csv,JETAIRWAYS,Price Anomaly (Split/Unadjusted),2019-06-17,"Ratio: 1.51 (Prev: 66.95, Curr: 44.4)"
JETAIRWAYS.csv,JETAIRWAYS,Price Anomaly (Split/Unadjusted),2019-06-18,"Ratio: 1.66 (Prev: 44.4, Curr: 26.7)"
JISLJALEQS.csv,JISLJALEQS,Huge Date Gap,2020-04-22 to 2020-08-18,Gap of 118 days
JPASSOCIAT.csv,JPASSOCIAT,Huge Date Gap,2021-06-15 to 2021-09-20,Gap of 97 days
JPASSOCIAT.csv,JPASSOCIAT,Price Anomaly (Split/Unadjusted),2021-09-20,"Ratio: 1.58 (Prev: 14.95, Curr: 9.45)"
MCLEODRUSS.csv,MCLEODRUSS,Huge Date Gap,2019-08-16 to 2019-09-17,Gap of 32 days
MCLEODRUSS.csv,MCLEODRUSS,Huge Date Gap,2020-04-22 to 2020-11-10,Gap of 202 days
MCLEODRUSS.csv,MCLEODRUSS,Huge Date Gap,2021-06-16 to 2021-07-20,Gap of 34 days
MCLEODRUSS.csv,MCLEODRUSS,Huge Date Gap,2021-09-08 to 2021-10-12,Gap of 34 days
MCLEODRUSS.csv,MCLEODRUSS,Huge Date Gap,2023-02-14 to 2023-05-18,Gap of 93 days
MCLEODRUSS.csv,MCLEODRUSS,Huge Date Gap,2023-09-06 to 2023-11-07,Gap of 62 days
MCLEODRUSS.csv,MCLEODRUSS,Huge Date Gap,2023-12-28 to 2024-01-31,Gap of 34 days
MCLEODRUSS.csv,MCLEODRUSS,Huge Date Gap,2024-02-22 to 2024-05-27,Gap of 95 days
MCLEODRUSS.csv,MCLEODRUSS,Huge Date Gap,2024-12-04 to 2025-03-25,Gap of 111 days
MCLEODRUSS.csv,MCLEODRUSS,Price Anomaly (Split/Unadjusted),2018-01-02,"Ratio: 1.77 (Prev: 203.2, Curr: 114.8)"
MIDCPNIFTY.csv,MIDCPNIFTY,Huge Date Gap,2022-10-11 to 2022-10-27,Gap of 16 days
MIDCPNIFTY.csv,MIDCPNIFTY,Huge Date Gap,2022-10-27 to 2022-11-18,Gap of 22 days
MIDCPNIFTY.csv,MIDCPNIFTY,Huge Date Gap,2022-12-16 to 2022-12-30,Gap of 14 days
MIDCPNIFTY.csv,MIDCPNIFTY,Huge Date Gap,2023-01-19 to 2023-01-31,Gap of 12 days
MIDCPNIFTY.csv,MIDCPNIFTY,Huge Date Gap,2023-02-03 to 2023-03-06,Gap of 31 days
MIDCPNIFTY.csv,MIDCPNIFTY,Huge Date Gap,2023-03-10 to 2023-03-31,Gap of 21 days
MIDCPNIFTY.csv,MIDCPNIFTY,Huge Date Gap,2023-04-13 to 2023-04-28,Gap of 15 days
MIDCPNIFTY.csv,MIDCPNIFTY,Huge Date Gap,2023-05-03 to 2023-05-17,Gap of 14 days
MM.csv,M&M,Price Anomaly (Split/Unadjusted),2017-12-21,"Ratio: 2.07 (Prev: 1542.8, Curr: 745.45)"
MMFIN.csv,M&MFIN,Price Anomaly (Split/Unadjusted),2020-07-22,"Ratio: 1.43 (Prev: 215.0, Curr: 149.9)"
NIFTYCPSE.csv,NIFTYCPSE,Huge Date Gap,2017-04-07 to 2017-04-27,Gap of 20 days
NIFTYCPSE.csv,NIFTYCPSE,Huge Date Gap,2017-04-27 to 2017-07-12,Gap of 76 days
NIFTYCPSE.csv,NIFTYCPSE,Huge Date Gap,2017-07-13 to 2017-07-27,Gap of 14 days
NIFTYCPSE.csv,NIFTYCPSE,Huge Date Gap,2017-07-27 to 2017-11-30,Gap of 126 days
NIFTYINFRA.csv,NIFTYINFRA,Huge Date Gap,2017-06-29 to 2017-08-09,Gap of 41 days
NIFTYINFRA.csv,NIFTYINFRA,Huge Date Gap,2017-08-11 to 2017-10-26,Gap of 76 days
NIFTYMID50.csv,NIFTYMID50,Huge Date Gap,2017-07-27 to 2017-09-28,Gap of 63 days
NIFTYMID50.csv,NIFTYMID50,Huge Date Gap,2017-09-28 to 2017-12-08,Gap of 71 days
NIFTYMID50.csv,NIFTYMID50,Huge Date Gap,2017-12-08 to 2017-12-26,Gap of 18 days
NIFTYMID50.csv,NIFTYMID50,Huge Date Gap,2018-02-22 to 2018-03-08,Gap of 14 days
NIFTYMID50.csv,NIFTYMID50,Huge Date Gap,2018-03-13 to 2018-03-26,Gap of 13 days
NIFTYMID50.csv,NIFTYMID50,Huge Date Gap,2018-03-27 to 2018-04-09,Gap of 13 days
NIFTYMID50.csv,NIFTYMID50,Huge Date Gap,2018-04-25 to 2018-05-10,Gap of 15 days
NIFTYPSE.csv,NIFTYPSE,Huge Date Gap,2017-03-31 to 2017-04-24,Gap of 24 days
NIFTYPSE.csv,NIFTYPSE,Huge Date Gap,2017-04-24 to 2017-05-25,Gap of 31 days
NIFTYPSE.csv,NIFTYPSE,Huge Date Gap,2017-05-25 to 2017-08-31,Gap of 98 days
NIFTYPSE.csv,NIFTYPSE,Huge Date Gap,2017-08-31 to 2018-06-14,Gap of 287 days
PCJEWELLER.csv,PCJEWELLER,Huge Date Gap,2020-04-09 to 2020-05-27,Gap of 48 days
PCJEWELLER.csv,PCJEWELLER,Huge Date Gap,2022-09-12 to 2022-12-06,Gap of 85 days
PCJEWELLER.csv,PCJEWELLER,Huge Date Gap,2024-10-07 to 2024-12-31,Gap of 85 days
PCJEWELLER.csv,PCJEWELLER,Price Anomaly (Split/Unadjusted),2019-06-28,"Ratio: 9.91 (Prev: 45.0, Curr: 4.54)"
PTC.csv,PTC,Huge Date Gap,2022-10-24 to 2022-12-26,Gap of 63 days
RAIN.csv,RAIN,Huge Date Gap,2018-07-03 to 2018-10-30,Gap of 119 days
RAIN.csv,RAIN,Price Anomaly (Split/Unadjusted),2018-01-02,"Ratio: 2.83 (Prev: 371.75, Curr: 131.5)"
RAYMOND.csv,RAYMOND,Huge Date Gap,2024-07-10 to 2024-07-26,Gap of 16 days
RAYMOND.csv,RAYMOND,Huge Date Gap,2025-05-13 to 2025-05-28,Gap of 15 days
RAYMOND.csv,RAYMOND,Price Anomaly (Split/Unadjusted),2024-07-26,"Ratio: 1.54 (Prev: 3156.1, Curr: 2052.55)"
RAYMOND.csv,RAYMOND,Price Anomaly (Split/Unadjusted),2025-05-28,"Ratio: 2.53 (Prev: 1564.3, Curr: 619.2)"
RCOM.csv,RCOM,Huge Date Gap,2019-12-09 to 2020-03-04,Gap of 86 days
RCOM.csv,RCOM,Huge Date Gap,2020-05-06 to 2020-11-10,Gap of 188 days
RCOM.csv,RCOM,Huge Date Gap,2022-01-03 to 2022-03-29,Gap of 85 days
RCOM.csv,RCOM,Price Anomaly (Split/Unadjusted),2019-02-04,"Ratio: 1.53 (Prev: 11.35, Curr: 7.4)"
RCOM.csv,RCOM,Price Anomaly (Split/Unadjusted),2020-03-04,"Ratio: 1.47 (Prev: 1.1, Curr: 0.75)"
RCOM.csv,RCOM,Price Anomaly (Split/Unadjusted),2022-03-29,"Ratio: 1.63 (Prev: 4.25, Curr: 2.6)"
RELCAPITAL.csv,RELCAPITAL,Huge Date Gap,2020-05-06 to 2020-08-18,Gap of 104 days
RELCAPITAL.csv,RELCAPITAL,Huge Date Gap,2020-12-16 to 2021-02-02,Gap of 48 days
RELCAPITAL.csv,RELCAPITAL,Huge Date Gap,2021-10-11 to 2022-01-04,Gap of 85 days
RELCAPITAL.csv,RELCAPITAL,Price Anomaly (Split/Unadjusted),2022-01-04,"Ratio: 1.60 (Prev: 24.7, Curr: 15.4)"
RNAVAL.csv,RNAVAL,Huge Date Gap,2019-09-25 to 2020-03-04,Gap of 161 days
RNAVAL.csv,RNAVAL,Huge Date Gap,2020-03-25 to 2020-05-27,Gap of 63 days
RNAVAL.csv,RNAVAL,Huge Date Gap,2020-06-17 to 2020-08-18,Gap of 62 days
RNAVAL.csv,RNAVAL,Price Anomaly (Split/Unadjusted),2020-05-27,"Ratio: 1.70 (Prev: 1.7, Curr: 1.0)"
SINTEX.csv,SINTEX,Huge Date Gap,2019-12-09 to 2020-03-04,Gap of 86 days
SINTEX.csv,SINTEX,Huge Date Gap,2020-06-03 to 2020-08-18,Gap of 76 days
SINTEX.csv,SINTEX,Huge Date Gap,2020-10-21 to 2021-04-27,Gap of 188 days
SINTEX.csv,SINTEX,Huge Date Gap,2021-06-16 to 2021-07-20,Gap of 34 days
SINTEX.csv,SINTEX,Huge Date Gap,2021-11-03 to 2022-02-01,Gap of 90 days
SINTEX.csv,SINTEX,Price Anomaly (Split/Unadjusted),2018-01-02,"Ratio: 2.30 (Prev: 27.1, Curr: 11.8)"
SINTEX.csv,SINTEX,Price Anomaly (Split/Unadjusted),2020-03-04,"Ratio: 2.29 (Prev: 1.6, Curr: 0.7)"
SREINFRA.csv,SREINFRA,Huge Date Gap,2021-07-19 to 2021-10-12,Gap of 85 days
SREINFRA.csv,SREINFRA,Huge Date Gap,2021-11-17 to 2022-01-04,Gap of 48 days
SREINFRA.csv,SREINFRA,Price Anomaly (Split/Unadjusted),2021-10-12,"Ratio: 1.96 (Prev: 12.65, Curr: 6.45)"
STAR.csv,STAR,Huge Date Gap,2024-12-05 to 2024-12-20,Gap of 15 days
STAR.csv,STAR,Price Anomaly (Split/Unadjusted),2024-12-20,"Ratio: 2.18 (Prev: 1485.05, Curr: 682.3)"
TV18BRDCST.csv,TV18BRDCST,Huge Date Gap,2024-01-30 to 2024-04-23,Gap of 84 days
